,Datetime,Open,High,Low,Close,Volume,MACD_12_26_9,MACDh_12_26_9,MACDs_12_26_9,RSI_14,RSI_14_A_70,RSI_14_B_30,MA10,MA20,MA50,slopes,slopes20,slopess1p,slopes20s1p,macd_slopes10,macds1,macdss1,buy_pt,sell_pt,buy_pt_s1,sell_pt_s1,macdps1,macdsps1,macd_dn_to_up,macd_up_to_dn,macd_above_up,macd_above_dn,macd_below_up,macd_below_dn,vol_gt2,max,min,max_macd_val,max_macd_idx,min_macd_val,min_macd_idx,buy_price,Buy,Buy_zero,tot_buy,Buy_count_tmp,Buy_count,Sell,Sell_zero,tot_sell,Sell_count_tmp,Sell_count
0,2022-11-03 17:32:00,10912.5,10921.25,10912.5,10920.75,78616.83333333333,,,,,0,0,,,,,,,,,,,n,n,,,,,n,n,n,n,n,n,n,Nan,Nan,,,,,NaN,NaN,0,0.0,0,0,,0,0.0,0,0
1,2022-11-03 17:33:00,10923.5,10925.25,10919.0,10924.5,79055.74285714286,,,,,0,0,,,,,,,,,,,n,n,n,n,,,n,n,n,n,n,n,n,Nan,Nan,,,,,NaN,NaN,0,0.0,0,0,,0,0.0,0,0
2,2022-11-03 17:34:00,10924.5,10927.0,10922.5,10923.25,79393.39393939394,,,,,0,0,,,,,,,,,,,n,n,n,n,,,n,n,n,n,n,n,n,Nan,Nan,,,,,NaN,NaN,0,0.0,0,0,,0,0.0,0,0
3,2022-11-03 17:35:00,10923.25,10923.25,10917.25,10917.75,79572.57575757576,,,,,0,0,,,,,,,,,,,n,n,n,n,,,n,n,n,n,n,n,n,Nan,Nan,,,,,NaN,NaN,0,0.0,0,0,,0,0.0,0,0
4,2022-11-03 17:36:00,10917.75,10923.75,10917.75,10921.25,79780.20588235294,,,,,0,0,,,,,,,,,,,n,n,n,n,,,n,n,n,n,n,n,n,Nan,Nan,,,,,NaN,NaN,0,0.0,0,0,,0,0.0,0,0
5,2022-11-03 17:37:00,10923.0,10929.5,10923.0,10929.0,80011.35294117648,,,,,0,0,,,,,,,,,,,n,n,n,n,,,n,n,n,n,n,n,n,10929.0,Nan,,,,,NaN,NaN,0,0.0,0,0,,0,0.0,0,0
6,2022-11-03 17:38:00,10927.75,10928.5,10926.25,10928.5,80180.71428571429,,,,,0,0,,,,,,,,,,,n,n,n,n,,,n,n,n,n,n,n,n,Nan,Nan,,,,,NaN,NaN,0,0.0,0,0,,0,0.0,0,0
7,2022-11-03 17:39:00,10928.5,10929.0,10925.75,10925.75,80273.94117647059,,,,,0,0,,,,,,,,,,,n,n,n,n,,,n,n,n,n,n,n,n,Nan,Nan,,,,,NaN,NaN,0,0.0,0,0,,0,0.0,0,0
8,2022-11-03 17:40:00,10925.75,10926.75,10923.75,10925.5,80360.42857142857,,,,,0,0,,,,,,,,,,,n,n,n,n,,,n,n,n,n,n,n,n,Nan,Nan,,,,,NaN,NaN,0,0.0,0,0,,0,0.0,0,0
9,2022-11-03 17:41:00,10925.75,10926.0,10921.25,10922.0,80493.25714285714,,,,,0,0,10923.825,,,23.209066977146918,,,,,,,n,n,n,n,,,n,n,n,n,n,n,n,Nan,Nan,,,,,NaN,NaN,0,0.0,0,0,,0,0.0,0,0
10,2022-11-03 17:42:00,10922.0,10929.0,10921.75,10924.25,80668.82352941176,,,,,0,0,10924.175,,,13.87271689228464,,23.209066977146918,,,,,n,n,n,n,,,n,n,n,n,n,n,n,Nan,Nan,,,,,NaN,NaN,0,0.0,0,0,,0,0.0,0,0
11,2022-11-03 17:43:00,10922.5,10923.0,10918.5,10923.0,80868.18181818182,,,,,0,0,10924.025,,,11.560130794217768,,13.87271689228464,,,,,n,n,n,n,,,n,n,n,n,n,n,n,Nan,Nan,,,,,NaN,NaN,0,0.0,0,0,,0,0.0,0,0
12,2022-11-03 17:44:00,10923.0,10926.25,10922.5,10923.5,80979.15151515152,,,,,0,0,10924.05,,,7.082274260960964,,11.560130794217768,,,,,n,n,n,n,,,n,n,n,n,n,n,n,Nan,Nan,,,,,NaN,NaN,0,0.0,0,0,,0,0.0,0,0
13,2022-11-03 17:45:00,10923.5,10925.0,10921.5,10921.5,81037.61764705883,,,,,0,0,10924.425,,,-23.501739957362314,,7.082274260960964,,,,,n,n,n,n,,,n,n,n,n,n,n,n,Nan,Nan,,,,,NaN,NaN,0,0.0,0,0,,0,0.0,0,0
14,2022-11-03 17:46:00,10922.5,10922.5,10920.0,10921.0,81095.35294117648,,,,50.35460992907801,0,0,10924.4,,,-39.8055710922652,,-23.501739957362314,,,,,n,n,n,n,,,n,n,n,n,n,n,n,Nan,Nan,,,,,NaN,NaN,0,0.0,0,0,,0,0.0,0,0
15,2022-11-03 17:47:00,10921.25,10923.5,10921.0,10921.25,81158.34285714285,,,,50.730914997292906,0,0,10923.625,,,-34.93371577224734,,-39.8055710922652,,,,,n,n,n,n,,,n,n,n,n,n,n,n,Nan,Nan,,,,,NaN,NaN,0,0.0,0,0,,0,0.0,0,0
16,2022-11-03 17:48:00,10921.25,10921.25,10914.75,10914.75,81260.13888888889,,,,41.84903974988835,0,0,10922.25,,,-40.61558999887777,,-34.93371577224734,,,,,n,n,n,n,,,n,n,n,n,n,n,n,Nan,Nan,,,,,NaN,NaN,0,0.0,0,0,,0,0.0,0,0
17,2022-11-03 17:49:00,10914.75,10919.5,10913.25,10917.75,81439.25,,,,46.50429472015637,0,0,10921.45,,,-41.01338515959014,,-40.61558999887777,,,,,n,n,n,n,,,n,n,n,n,n,n,n,Nan,Nan,,,,,NaN,NaN,0,0.0,0,0,,0,0.0,0,0
18,2022-11-03 17:50:00,10917.75,10918.0,10915.25,10916.25,81552.45714285714,,,,44.58250554938707,0,0,10920.525,,,-41.455233544405125,,-41.01338515959014,,,,,n,n,n,n,,,n,n,n,n,n,n,n,Nan,Nan,,,,,NaN,NaN,0,0.0,0,0,,0,0.0,0,0
19,2022-11-03 17:51:00,10917.75,10918.5,10914.5,10917.0,81621.4,,,,45.78880830927787,0,0,10920.025,10921.925,,-44.3414568224364,-19.48171185149408,-41.455233544405125,,,,,n,n,n,n,,,n,n,n,n,n,n,n,Nan,Nan,,,,,NaN,NaN,0,0.0,0,0,,0,0.0,0,0
20,2022-11-03 17:52:00,10917.25,10917.25,10911.25,10912.75,81722.8,,,,40.419561336775416,0,0,10918.875,10921.525,,-47.5291616119341,-26.7199275127673,-44.3414568224364,-19.48171185149408,,,,n,n,n,n,,,n,n,n,n,n,n,n,Nan,Nan,,,,,NaN,NaN,0,0.0,0,0,,0,0.0,0,0
21,2022-11-03 17:53:00,10912.75,10912.75,10909.5,10909.75,81821.88888888889,,,,37.11145801648377,0,0,10917.55,10920.7875,,-52.75177915429672,-31.989891320464245,-47.5291616119341,-26.7199275127673,,,,n,n,n,n,,,n,n,n,n,n,n,n,Nan,Nan,,,,,NaN,NaN,0,0.0,0,0,,0,0.0,0,0
22,2022-11-03 17:54:00,10909.75,10910.75,10907.0,10907.5,81943.72727272728,,,,34.810326141335814,0,0,10915.95,10920.0,,-55.71312302279104,-37.79586444148872,-52.75177915429672,-31.989891320464245,,,,n,n,n,n,,,n,n,n,n,n,n,n,Nan,Nan,,,,,NaN,NaN,0,0.0,0,0,,0,0.0,0,0
23,2022-11-03 17:55:00,10907.25,10907.5,10903.5,10905.0,82145.38235294117,,,,32.40596024094461,0,0,10914.3,10919.3625,,-59.444951475279524,-45.71782139580873,-55.71312302279104,-37.79586444148872,,,,n,n,n,n,,,n,n,n,n,n,n,n,Nan,Nan,,,,,NaN,NaN,0,0.0,0,0,,0,0.0,0,0
24,2022-11-03 17:56:00,10906.25,10906.25,10903.75,10904.25,82275.55555555556,,,,31.698603438193796,0,0,10912.625,10918.5125,,-60.88385373392108,-50.46216424643702,-59.444951475279524,-45.71782139580873,,,,n,n,n,n,,,n,n,n,n,n,n,n,Nan,Nan,,,,,NaN,NaN,0,0.0,0,0,,0,0.0,0,0
25,2022-11-03 17:57:00,10903.75,10908.75,10903.75,10907.0,82385.25714285714,,,,37.118518939004446,0,0,10911.2,10917.4125,,-56.78474850626281,-50.43596316947882,-60.88385373392108,-50.46216424643702,,,,n,n,n,n,,,n,n,n,n,n,n,n,Nan,Nan,,,,,NaN,NaN,0,0.0,0,0,,0,0.0,0,0
26,2022-11-03 17:58:00,10907.5,10909.75,10903.5,10903.5,82517.65625,,,,33.4774013487867,0,0,10910.075,10916.1625,,-59.68995055292546,-50.98014538025471,-56.78474850626281,-50.43596316947882,,,,n,n,n,n,,,n,n,n,n,n,n,n,Nan,Nan,,,,,NaN,NaN,0,0.0,0,0,,0,0.0,0,0
27,2022-11-03 17:59:00,10903.25,10905.25,10901.5,10905.25,82753.85294117648,,,,36.81484402623089,0,0,10908.825,10915.1375,,-55.63029911395079,-51.08237568605085,-59.68995055292546,-50.98014538025471,,,,n,n,n,n,,,n,n,n,n,n,n,n,Nan,Nan,,,,,NaN,NaN,0,0.0,0,0,,0,0.0,0,0
28,2022-11-03 18:00:00,10905.25,10905.75,10903.0,10905.75,82989.20588235294,,,,37.77540149028218,0,0,10907.775,10914.15,,-48.61430709478105,-50.4053585457501,-55.63029911395079,-51.08237568605085,,,,n,n,n,n,,,n,n,n,n,n,n,n,Nan,Nan,,,,,NaN,NaN,0,0.0,0,0,,0,0.0,0,0
29,2022-11-03 18:01:00,10907.5,10910.75,10906.25,10908.5,83130.875,,,,42.915526288707966,0,0,10906.925,10913.475,,-25.65511530479063,-49.3774097679765,-48.61430709478105,-50.4053585457501,,,,n,n,n,n,,,n,n,n,n,n,n,n,Nan,Nan,,,,,NaN,NaN,0,0.0,0,0,,0,0.0,0,0
30,2022-11-03 18:02:00,10908.5,10908.5,10899.25,10900.0,83339.34375,,,,33.660075744291575,0,0,10905.65,10912.2625,,-25.159301916031655,-49.91472728084127,-25.65511530479063,-49.3774097679765,,,,n,n,n,n,,,n,n,n,n,n,n,n,Nan,Nan,,,,,NaN,NaN,0,0.0,0,0,,0,0.0,0,0
31,2022-11-03 18:03:00,10900.0,10903.75,10898.75,10901.25,83523.34782608696,,,,35.85110449121397,0,0,10904.8,10911.175,,-23.57470620191262,-49.622705042363904,-25.159301916031655,-49.91472728084127,,,,n,n,n,n,,,n,n,n,n,n,n,n,Nan,Nan,,,,,NaN,NaN,0,0.0,0,0,,0,0.0,0,0
32,2022-11-03 18:04:00,10858.25,10863.25,10858.25,10862.75,97461.7564102564,,,,17.10869569897681,0,1,10900.325,10908.1375,,-68.58703052512826,-59.13384471793197,-23.57470620191262,-49.622705042363904,,-11.53379726710591,-6.977663534109524,n,n,n,n,,,n,n,n,n,n,n,n,Nan,Nan,,,,,NaN,NaN,0,0.0,0,0,,0,0.0,0,0
33,2022-11-03 18:05:00,10858.25,10863.25,10858.25,10862.75,97461.7564102564,-11.53379726710591,-4.556133732996386,-6.977663534109524,17.108695698976806,0,1,10896.1,10905.2,,-76.87237802640918,-64.64768237306096,-68.58703052512826,-59.13384471793197,,-13.208485724875572,-8.223827972262734,n,n,n,n,,,n,n,n,n,n,y,y,Nan,Nan,-11.53379726710591,-11.53379726710591,,,NaN,NaN,0,0.0,0,0,,0,0.0,0,0
34,2022-11-03 18:06:00,10858.25,10863.25,10858.25,10862.75,97461.7564102564,-13.208485724875572,-4.984657752612838,-8.223827972262734,17.108695698976806,0,1,10891.95,10902.2875,,-79.81053613031979,-67.93868617098975,-76.87237802640918,-64.64768237306096,,-14.370039522558727,-9.453070282321933,n,n,n,n,-11.53379726710591,-6.977663534109524,n,n,n,n,n,y,y,Nan,Nan,,,,,NaN,NaN,0,0.0,0,0,,0,0.0,0,0
35,2022-11-03 18:07:00,10858.25,10863.25,10858.25,10862.75,97461.7564102564,-14.370039522558727,-4.916969240236794,-9.453070282321933,17.108695698976806,0,1,10887.525,10899.3625,,-80.76891100194933,-69.90180186735232,-79.81053613031979,-67.93868617098975,,-15.116327660087336,-10.585721757875014,n,n,n,n,-13.208485724875572,-8.223827972262734,n,n,n,n,n,y,y,Nan,Nan,,,,,NaN,NaN,0,0.0,0,0,,0,0.0,0,0
36,2022-11-03 18:08:00,10858.25,10863.25,10858.25,10862.75,97461.7564102564,-15.116327660087336,-4.530605902212322,-10.585721757875014,17.10869569897681,0,1,10883.45,10896.7625,,-81.17281141067384,-71.63907530475342,-80.76891100194933,-69.90180186735232,,-15.52876050105624,-11.574329506511258,n,n,n,n,-14.370039522558727,-9.453070282321933,n,n,n,n,n,y,y,Nan,Nan,,,,,NaN,NaN,0,0.0,0,0,,0,0.0,0,0
37,2022-11-03 18:09:00,10858.25,10863.25,10858.25,10862.75,97461.7564102564,-15.52876050105624,-3.954430994544982,-11.574329506511258,17.10869569897681,0,1,10879.2,10894.0125,,-80.71272465219657,-72.47866263112145,-81.17281141067384,-71.63907530475342,,-15.674925712630284,-12.394448747735064,n,n,n,n,-15.116327660087336,-10.585721757875014,n,n,n,n,n,y,y,Nan,Nan,,,-15.52876050105624,-15.52876050105624,NaN,NaN,0,0.0,0,0,,0,0.0,0,0
38,2022-11-03 18:10:00,10858.25,10863.25,10858.25,10862.75,97461.7564102564,-15.674925712630284,-3.28047696489522,-12.394448747735064,17.10869569897681,0,1,10874.9,10891.3375,,-79.20048413026853,-72.96130755927615,-80.71272465219657,-72.47866263112145,,-15.610810984231648,-13.037721195034381,n,n,n,n,-15.52876050105624,-11.574329506511258,n,n,n,n,n,y,y,Nan,Nan,,,-15.674925712630284,-15.674925712630284,NaN,NaN,0,0.0,0,0,,0,0.0,0,0
39,2022-11-03 18:11:00,10858.25,10863.25,10858.25,10862.75,97461.7564102564,-15.610810984231648,-2.573089789197267,-13.037721195034381,17.10869569897681,0,1,10870.325,10888.625,,-74.73886893771636,-72.97701329299817,-79.20048413026853,-72.96130755927615,,-15.382677667290409,-13.506712489485587,n,n,n,n,-15.674925712630284,-12.394448747735064,n,n,n,n,n,y,y,Nan,Nan,,,,,NaN,NaN,0,0.0,0,0,,0,0.0,0,0
40,2022-11-03 18:12:00,10858.25,10863.25,10858.25,10862.75,97461.7564102564,-15.382677667290409,-1.8759651778048223,-13.506712489485587,17.10869569897681,0,1,10866.6,10886.125,,-64.5366549381284,-72.92145549088673,-74.73886893771636,-72.97701329299817,,-15.028639568065046,-13.811097905201478,n,n,n,n,-15.610810984231648,-13.037721195034381,n,n,n,n,n,y,y,Nan,Nan,,,,,NaN,NaN,0,0.0,0,0,,0,0.0,0,0
41,2022-11-03 18:13:00,10858.25,10863.25,10858.25,10862.75,97461.7564102564,-15.028639568065046,-1.2175416628635674,-13.811097905201478,17.10869569897681,0,1,10862.75,10883.775,,0.0,-72.72610179786362,-64.5366549381284,-72.92145549088673,,-14.579992743110779,-13.96487687278334,n,n,n,n,-15.382677667290409,-13.506712489485587,n,n,n,n,n,y,y,Nan,Nan,,,,,NaN,NaN,0,0.0,0,0,,0,0.0,0,0
42,2022-11-03 18:14:00,10858.25,10863.25,10858.25,10862.75,97461.7564102564,-14.579992743110779,-0.6151158703274398,-13.96487687278334,17.108695698976806,0,1,10862.75,10881.5375,,0.0,-72.34294243130384,0.0,-72.72610179786362,-15.851218071969697,-14.06233505696946,-13.984368509620563,n,n,n,n,-15.028639568065046,-13.811097905201478,n,n,n,n,n,y,y,Nan,Nan,,,,,NaN,NaN,0,0.0,0,0,,0,0.0,0,0
43,2022-11-03 18:15:00,10858.25,10863.25,10858.25,10862.75,97461.7564102564,-14.06233505696946,-0.07796654734889685,-13.984368509620563,17.108695698976806,0,1,10862.75,10879.425,,0.0,-71.78857063943856,0.0,-72.34294243130384,-2.8497666218249535,-13.496508265185184,-13.886796460733487,y,y,n,n,-14.579992743110779,-13.96487687278334,n,n,n,n,n,y,y,Nan,Nan,,,,,NaN,NaN,0,0.0,0,0,,0,0.0,0,0
44,2022-11-03 18:16:00,10858.25,10863.25,10858.25,10862.75,97461.7564102564,-13.496508265185184,0.39028819554830285,-13.886796460733487,17.108695698976806,0,1,10862.75,10877.35,,0.0,-70.88702626632669,0.0,-71.78857063943856,7.646005557996132,-12.89939031418362,-13.689315231423514,n,n,y,y,-14.06233505696946,-13.984368509620563,y,n,n,n,y,n,y,Nan,Nan,,,,,10862.75,10862.75,10862.75,10862.75,1,1,,0,0.0,0,0
45,2022-11-03 18:17:00,10858.25,10863.25,10858.25,10862.75,97461.7564102564,-12.89939031418362,0.7899249172398939,-13.689315231423514,17.108695698976806,0,1,10862.75,10875.1375,,0.0,-69.15372826556113,0.0,-70.88702626632669,15.477135291907484,-12.284561260674309,-13.408364437273672,n,n,n,n,-13.496508265185184,-13.886796460733487,n,n,n,n,y,n,y,Nan,Nan,,,,,NaN,NaN,0,10862.75,0,1,,0,0.0,0,0
46,2022-11-03 18:18:00,10858.25,10863.25,10858.25,10862.75,97461.7564102564,-12.284561260674309,1.1238031765993632,-13.408364437273672,17.108695698976803,0,1,10862.75,10873.1,,0.0,-66.99484487402293,0.0,-69.15372826556113,21.08172041753306,-11.662862586150368,-13.05926406704901,n,n,n,n,-12.89939031418362,-13.689315231423514,n,n,n,n,y,n,y,Nan,Nan,,,,,NaN,NaN,0,10862.75,0,1,,0,0.0,0,0
47,2022-11-03 18:19:00,10858.25,10863.25,10858.25,10862.75,97461.7564102564,-11.662862586150368,1.3964014808986427,-13.05926406704901,17.108695698976803,0,1,10862.75,10870.975,,0.0,-63.3831599432209,0.0,-66.99484487402293,24.994877391792528,-11.042866615100138,-12.655984576659236,n,n,n,n,-12.284561260674309,-13.408364437273672,n,n,n,n,y,n,y,Nan,Nan,-11.662862586150368,-11.662862586150368,,,NaN,NaN,0,10862.75,0,1,,0,0.0,0,0
48,2022-11-03 18:20:00,10858.25,10863.25,10858.25,10862.75,97461.7564102564,-11.042866615100138,1.613117961559098,-12.655984576659236,17.1086956989768,0,1,10862.75,10868.825,,0.0,-57.40421316910966,0.0,-63.3831599432209,27.65950499239211,-10.431270152139405,-12.21104169175527,n,n,n,n,-11.662862586150368,-13.05926406704901,n,n,n,n,y,n,y,Nan,Nan,,,-11.042866615100138,-11.042866615100138,NaN,NaN,0,10862.75,0,1,,0,0.0,0,0
49,2022-11-03 18:21:00,10858.25,10863.25,10858.25,10862.75,97461.7564102564,-10.431270152139405,1.779771539615865,-12.21104169175527,17.108695698976803,0,1,10862.75,10866.5375,10896.77,0.0,-45.686303469489054,0.0,-57.40421316910966,29.401699062679455,-9.833224260621137,-11.735478205528443,n,n,n,n,-11.042866615100138,-12.655984576659236,n,n,n,n,y,n,y,Nan,Nan,,,,,NaN,NaN,0,10862.75,0,1,,0,0.0,0,0
50,2022-11-03 18:22:00,10858.25,10863.25,10858.25,10862.75,97461.7564102564,-9.833224260621137,1.9022539449073061,-11.735478205528443,17.108695698976803,0,1,10862.75,10864.675,10895.61,0.0,-28.810793742973065,0.0,-45.686303469489054,30.453697186745575,-9.252610251476654,-11.238904614718084,n,n,n,n,-10.431270152139405,-12.21104169175527,n,n,n,n,y,n,y,Nan,Nan,,,,,NaN,NaN,0,10862.75,0,1,,0,0.0,0,0
51,2022-11-03 18:23:00,10858.25,10863.25,10858.25,10862.75,97461.7564102564,-9.252610251476654,1.9862943632414307,-11.238904614718084,17.108695698976803,0,1,10862.75,10862.75,10894.375,0.0,0.0,0.0,-28.810793742973065,30.981033632505834,-8.692270383895448,-10.729577768553558,n,n,n,n,-9.833224260621137,-11.735478205528443,n,n,n,n,y,n,y,Nan,Nan,,,,,NaN,NaN,0,10862.75,0,1,,0,0.0,0,0
52,2022-11-03 18:24:00,10858.25,10863.25,10858.25,10862.75,97461.7564102564,-8.692270383895448,2.03730738465811,-10.729577768553558,17.1086956989768,0,1,10862.75,10862.75,10893.165,0.0,0.0,0.0,0.0,31.103616242784508,-8.15420045477913,-10.214502305798671,n,n,n,n,-9.252610251476654,-11.238904614718084,n,n,n,n,y,n,y,Nan,Nan,,,,,NaN,NaN,0,10862.75,0,1,,0,0.0,0,0
53,2022-11-03 18:25:00,10858.25,10863.25,10858.25,10862.75,97461.7564102564,-8.15420045477913,2.060301851019542,-10.214502305798671,17.1086956989768,0,1,10862.75,10862.75,10892.065,0.0,0.0,0.0,0.0,30.910331372011665,-7.639710334191477,-9.699543911477232,n,n,n,n,-8.692270383895448,-10.729577768553558,n,n,n,n,y,n,y,Nan,Nan,,,,,NaN,NaN,0,10862.75,0,1,,0,0.0,0,0
54,2022-11-03 18:26:00,10858.25,10863.25,10858.25,10862.75,97461.7564102564,-7.639710334191477,2.0598335772857546,-9.699543911477232,17.1086956989768,0,1,10862.75,10862.75,10890.895,0.0,0.0,0.0,0.0,30.46879483049344,-7.149557557841035,-9.189546640749992,n,n,n,n,-8.15420045477913,-10.214502305798671,n,n,n,n,y,n,y,Nan,Nan,,,,,NaN,NaN,0,10862.75,0,1,,0,0.0,0,0
55,2022-11-03 18:27:00,10858.25,10863.25,10858.25,10862.75,97461.7564102564,-7.149557557841035,2.0399890829089564,-9.189546640749992,17.108695698976803,0,1,10862.75,10862.75,10889.57,0.0,0.0,0.0,0.0,29.83179986735367,-6.684058287961307,-8.688448970192255,n,n,n,n,-7.639710334191477,-9.699543911477232,n,n,n,n,y,n,y,Nan,Nan,,,,,NaN,NaN,0,10862.75,0,1,,0,0.0,0,0
56,2022-11-03 18:28:00,10858.25,10863.25,10858.25,10862.75,97461.7564102564,-6.684058287961307,2.004390682230948,-8.688448970192255,17.108695698976806,0,1,10862.75,10862.75,10888.255,0.0,0.0,0.0,0.0,29.04158595982308,-6.2431792783645506,-8.199395031826715,n,n,n,n,-7.149557557841035,-9.189546640749992,n,n,n,n,y,n,y,Nan,Nan,,,,,NaN,NaN,0,10862.75,0,1,,0,0.0,0,0
57,2022-11-03 18:29:00,10858.25,10863.25,10858.25,10862.75,97461.7564102564,-6.2431792783645506,1.956215753462164,-8.199395031826715,17.108695698976806,0,1,10862.75,10862.75,10886.995,0.0,0.0,0.0,0.0,28.132679236320243,-5.826613908699073,-7.724838807201186,n,n,n,n,-6.684058287961307,-8.688448970192255,n,n,n,n,y,n,y,Nan,Nan,-6.2431792783645506,-6.2431792783645506,,,NaN,NaN,0,10862.75,0,1,,0,0.0,0,0
58,2022-11-03 18:30:00,10858.25,10863.25,10858.25,10862.75,97461.7564102564,-5.826613908699073,1.8982248985021126,-7.724838807201186,17.10869569897681,0,1,10862.75,10862.75,10885.74,0.0,0.0,0.0,0.0,27.133794649141212,-5.43384487082767,-7.2666400199264825,n,n,n,n,-6.2431792783645506,-8.199395031826715,n,n,n,n,y,n,y,Nan,Nan,,,-5.826613908699073,-5.826613908699073,NaN,NaN,0,10862.75,0,1,,0,0.0,0,0
59,2022-11-03 18:31:00,10858.25,10863.25,10858.25,10862.75,97461.7564102564,-5.43384487082767,1.8327951490988124,-7.2666400199264825,17.10869569897681,0,1,10862.75,10862.75,10884.555,0.0,0.0,0.0,0.0,26.06911976601152,-5.064195683084108,-6.826151152558007,n,n,n,n,-5.826613908699073,-7.724838807201186,n,n,n,n,y,n,y,Nan,Nan,,,,,NaN,NaN,0,10862.75,0,1,,0,0.0,0,0
60,2022-11-03 18:32:00,10858.25,10863.25,10858.25,10862.75,97461.7564102564,-5.064195683084108,1.7619554694738992,-6.826151152558007,17.10869569897681,0,1,10862.75,10862.75,10883.325,0.0,0.0,0.0,0.0,24.95919085364532,-4.716872864390098,-6.404295494924425,n,n,n,n,-5.43384487082767,-7.2666400199264825,n,n,n,n,y,n,y,Nan,Nan,,,,,NaN,NaN,0,10862.75,0,1,,0,0.0,0,0
61,2022-11-03 18:33:00,10858.25,10863.25,10858.25,10862.75,97461.7564102564,-4.716872864390098,1.6874226305343276,-6.404295494924425,17.10869569897681,0,1,10862.75,10862.75,10882.12,0.0,0.0,0.0,0.0,23.821501518186867,-4.391000309977244,-6.001636457934989,n,n,n,n,-5.064195683084108,-6.826151152558007,n,n,n,n,y,n,y,Nan,Nan,,,,,NaN,NaN,0,10862.75,0,1,,0,0.0,0,0
62,2022-11-03 18:34:00,10858.25,10863.25,10858.25,10862.75,97461.7564102564,-4.391000309977244,1.6106361479577451,-6.001636457934989,17.10869569897681,0,1,10862.75,10862.75,10880.905,0.0,0.0,0.0,0.0,22.67093796502568,-4.0856471655242785,-5.618438599452847,n,n,n,n,-4.716872864390098,-6.404295494924425,n,n,n,n,y,n,y,Nan,Nan,,,,,NaN,NaN,0,10862.75,0,1,,0,0.0,0,0
63,2022-11-03 18:35:00,10858.25,10863.25,10858.25,10862.75,97461.7564102564,-4.0856471655242785,1.5327914339285682,-5.618438599452847,17.10869569897681,0,1,10862.75,10862.75,10879.73,0.0,0.0,0.0,0.0,21.52010392357937,-3.7998502897789876,-5.254720937518075,n,n,n,n,-4.391000309977244,-6.001636457934989,n,n,n,n,y,n,y,Nan,Nan,,,,,NaN,NaN,0,10862.75,0,1,,0,0.0,0,0
64,2022-11-03 18:36:00,10858.25,10863.25,10858.25,10862.75,97461.7564102564,-3.7998502897789876,1.454870647739087,-5.254720937518075,17.108695698976806,0,1,10862.75,10862.75,10878.565,0.0,0.0,0.0,0.0,20.37957700903059,-3.532632221433232,-4.910303194301106,n,n,n,n,-4.0856471655242785,-5.618438599452847,n,n,n,n,y,n,y,Nan,Nan,,,,,NaN,NaN,0,10862.75,0,1,,0,0.0,0,0
65,2022-11-03 18:37:00,10858.25,10863.25,10858.25,10862.75,97461.7564102564,-3.532632221433232,1.3776709728678735,-4.910303194301106,17.10869569897681,0,1,10862.75,10862.75,10877.395,0.0,0.0,0.0,0.0,19.25812349572847,-3.2830154189232417,-4.584845639225533,n,n,n,n,-3.7998502897789876,-5.254720937518075,n,n,n,n,y,n,y,Nan,Nan,,,,,NaN,NaN,0,10862.75,0,1,,0,0.0,0,0
66,2022-11-03 18:38:00,10858.25,10863.25,10858.25,10862.75,97461.7564102564,-3.2830154189232417,1.301830220302291,-4.584845639225533,17.10869569897681,0,1,10862.75,10862.75,10876.355,0.0,0.0,0.0,0.0,18.162888166616103,-3.050033417881423,-4.27788319495671,n,n,n,n,-3.532632221433232,-4.910303194301106,n,n,n,n,y,n,y,Nan,Nan,,,,,NaN,NaN,0,10862.75,0,1,,0,0.0,0,0
67,2022-11-03 18:39:00,10858.25,10863.25,10858.25,10862.75,97461.7564102564,-3.050033417881423,1.2278497770752876,-4.27788319495671,17.10869569897681,0,1,10862.75,10862.75,10875.255,0.0,0.0,0.0,0.0,17.099568816160694,-2.83273944649045,-3.9888544452634584,n,n,n,n,-3.2830154189232417,-4.584845639225533,n,n,n,n,y,n,y,Nan,Nan,-3.050033417881423,-3.050033417881423,,,NaN,NaN,0,10862.75,0,1,,0,0.0,0,0
68,2022-11-03 18:40:00,10858.25,10863.25,10858.25,10862.75,97461.7564102564,-2.83273944649045,1.1561149987730084,-3.9888544452634584,17.10869569897681,0,1,10862.75,10862.75,10874.185,0.0,0.0,0.0,0.0,16.07258026537396,-2.6302129509967926,-3.7171261464101253,n,n,n,n,-3.050033417881423,-4.27788319495671,n,n,n,n,y,n,y,Nan,Nan,,,-2.83273944649045,-2.83273944649045,NaN,NaN,0,10862.75,0,1,,0,0.0,0,0
69,2022-11-03 18:41:00,10858.25,10863.25,10858.25,10862.75,97461.7564102564,-2.6302129509967926,1.0869131954133326,-3.7171261464101253,17.10869569897681,0,1,10862.75,10862.75,10873.1,0.0,0.0,0.0,0.0,15.085209772987502,-2.441564409500643,-3.4620137990282287,n,n,n,n,-2.83273944649045,-3.9888544452634584,n,n,n,n,y,n,y,Nan,Nan,,,,,NaN,NaN,0,10862.75,0,1,,0,0.0,0,0
70,2022-11-03 18:42:00,10858.25,10863.25,10858.25,10862.75,97461.7564102564,-2.441564409500643,1.020449389527586,-3.4620137990282287,17.10869569897681,0,1,10862.75,10862.75,10872.1,0.0,0.0,0.0,0.0,14.139764015446062,-2.2659387498151773,-3.2227987891856182,n,n,n,n,-2.6302129509967926,-3.7171261464101253,n,n,n,n,y,n,y,Nan,Nan,,,,,NaN,NaN,0,10862.75,0,1,,0,0.0,0,0
71,2022-11-03 18:43:00,10858.25,10863.25,10858.25,10862.75,97461.7564102564,-2.2659387498151773,0.956860039370441,-3.2227987891856182,17.10869569897681,0,1,10862.75,10862.75,10871.16,0.0,0.0,0.0,0.0,13.23770697828904,-2.102517634681135,-2.9987425582847216,n,n,n,n,-2.441564409500643,-3.4620137990282287,n,n,n,n,y,n,y,Nan,Nan,,,,,NaN,NaN,0,10862.75,0,1,,0,0.0,0,0
72,2022-11-03 18:44:00,10858.25,10863.25,10858.25,10862.75,97461.7564102564,-2.102517634681135,0.8962249236035866,-2.9987425582847216,17.10869569897681,0,1,10862.75,10862.75,10870.265,0.0,0.0,0.0,0.0,12.379787852193127,-1.9505208335376665,-2.7890982133353104,n,n,n,n,-2.2659387498151773,-3.2227987891856182,n,n,n,n,y,n,y,Nan,Nan,,,,,NaN,NaN,0,10862.75,0,1,,0,0.0,0,0
73,2022-11-03 18:45:00,10858.25,10863.25,10858.25,10862.75,97461.7564102564,-1.9505208335376665,0.8385773797976439,-2.7890982133353104,17.10869569897681,0,1,10862.75,10862.75,10869.42,0.0,0.0,0.0,0.0,11.566158127501327,-1.8092068630303402,-2.593119943274316,n,n,n,n,-2.102517634681135,-2.9987425582847216,n,n,n,n,y,n,n,Nan,Nan,,,,,NaN,NaN,0,10862.75,0,1,,0,0.0,0,0
74,2022-11-03 18:46:00,10858.25,10863.25,10858.25,10862.75,97461.7564102564,-1.8092068630303402,0.783913080243976,-2.593119943274316,17.108695698976817,0,1,10862.75,10862.75,10868.59,0.0,0.0,0.0,0.0,10.796477362799482,-1.677873047241519,-2.4100705640677567,n,n,n,n,-1.9505208335376665,-2.7890982133353104,n,n,n,n,y,n,n,Nan,Nan,,,,,NaN,NaN,0,10862.75,0,1,,0,0.0,0,0
75,2022-11-03 18:47:00,10858.25,10863.25,10858.25,10862.75,97461.7564102564,-1.677873047241519,0.7321975168262376,-2.4100705640677567,17.108695698976813,0,1,10862.75,10862.75,10867.705,0.0,0.0,0.0,0.0,10.070007449811369,-1.5558551226531563,-2.2392274757848365,n,n,n,n,-1.8092068630303402,-2.593119943274316,n,n,n,n,y,n,n,Nan,Nan,,,,,NaN,NaN,0,10862.75,0,1,,0,0.0,0,0
76,2022-11-03 18:48:00,10858.25,10863.25,10858.25,10862.75,97461.7564102564,-1.5558551226531563,0.6833723531316802,-2.2392274757848365,17.108695698976813,0,1,10862.75,10862.75,10866.89,0.0,0.0,0.0,0.0,9.385695534620996,-1.442526490878663,-2.079887278803602,n,n,n,n,-1.677873047241519,-2.4100705640677567,n,n,n,n,y,n,n,Nan,Nan,,,,,NaN,NaN,0,10862.75,0,1,,0,0.0,0,0
77,2022-11-03 18:49:00,10858.25,10863.25,10858.25,10862.75,97461.7564102564,-1.442526490878663,0.6373607879249388,-2.079887278803602,17.108695698976813,0,1,10862.75,10862.75,10866.04,0.0,0.0,0.0,0.0,8.742246043345933,-1.3372972039815068,-1.9313692638391828,n,n,n,n,-1.5558551226531563,-2.2392274757848365,n,n,n,n,y,n,n,Nan,Nan,-1.442526490878663,-1.442526490878663,,,NaN,NaN,0,10862.75,0,1,,0,0.0,0,0
78,2022-11-03 18:50:00,10858.25,10863.25,10858.25,10862.75,97461.7564102564,-1.3372972039815068,0.5940720598576761,-1.9313692638391828,17.108695698976813,0,1,10862.75,10862.75,10865.18,0.0,0.0,0.0,0.0,8.138182480257182,-1.2396127518077265,-1.7930179614328916,n,n,n,n,-1.442526490878663,-2.079887278803602,n,n,n,n,y,n,n,Nan,Nan,,,-1.3372972039815068,-1.3372972039815068,NaN,NaN,0,10862.75,0,1,,0,0.0,0,0
79,2022-11-03 18:51:00,10858.25,10863.25,10858.25,10862.75,97461.7564102564,-1.2396127518077265,0.5534052096251652,-1.7930179614328916,17.108695698976813,0,1,10862.75,10862.75,10864.265,0.0,0.0,0.0,0.0,7.571899815645668,-1.1489527080611879,-1.6642049107585508,n,n,n,n,-1.3372972039815068,-1.9313692638391828,n,n,n,n,y,n,n,Nan,Nan,,,,,NaN,NaN,0,10862.75,0,1,,0,0.0,0,0
80,2022-11-03 18:52:00,10858.25,10863.25,10858.25,10862.75,97461.7564102564,-1.1489527080611879,0.5152522026973629,-1.6642049107585508,17.108695698976817,0,1,10862.75,10862.75,10863.52,0.0,0.0,0.0,0.0,7.04170836525667,-1.0648292811019928,-1.5443297848272393,n,n,n,n,-1.2396127518077265,-1.7930179614328916,n,n,n,n,y,n,n,Nan,Nan,,,,,NaN,NaN,0,10862.75,0,1,,0,0.0,0,0
81,2022-11-03 18:53:00,10858.25,10863.25,10858.25,10862.75,97461.7564102564,-1.0648292811019928,0.47950050372524644,-1.5443297848272393,17.108695698976813,0,1,10862.75,10862.75,10862.75,0.0,0.0,0.0,0.0,6.545870093824016,-0.9867858066336339,-1.4328209891885182,n,n,n,n,-1.1489527080611879,-1.6642049107585508,n,n,n,n,y,n,n,Nan,Nan,,,,,NaN,NaN,0,10862.75,0,1,,0,0.0,0,0
82,2022-11-03 18:54:00,10858.25,10863.25,10858.25,10862.75,97461.7564102564,-0.9867858066336339,0.4460351825548843,-1.4328209891885182,17.10869569897681,0,1,10862.75,10862.75,10862.75,0.0,0.0,0.0,0.0,6.08262826402331,-0.9143952120321046,-1.3291358337572354,n,n,n,n,-1.0648292811019928,-1.5443297848272393,n,n,n,n,y,n,n,Nan,Nan,,,,,NaN,NaN,0,10862.75,0,1,,0,0.0,0,0
83,2022-11-03 18:55:00,10858.25,10863.25,10858.25,10862.75,97461.7564102564,-0.9143952120321046,0.4147406217251308,-1.3291358337572354,17.108695698976813,0,1,10862.75,10862.75,10862.75,0.0,0.0,0.0,0.0,5.650231310825132,-0.8472584759529127,-1.232760362196371,n,n,n,n,-0.9867858066336339,-1.4328209891885182,n,n,n,n,y,n,n,Nan,Nan,,,,,NaN,NaN,0,10862.75,0,1,,0,0.0,0,0
84,2022-11-03 18:56:00,10858.25,10863.25,10858.25,10862.75,97461.7564102564,-0.8472584759529127,0.38550188624345827,-1.232760362196371,17.10869569897681,0,1,10862.75,10862.75,10862.75,0.0,0.0,0.0,0.0,5.246951759789937,-0.785003101806069,-1.1432089101183105,n,n,n,n,-0.9143952120321046,-1.3291358337572354,n,n,n,n,y,n,n,Nan,Nan,,,,,NaN,NaN,0,10862.75,0,1,,0,0.0,0,0
85,2022-11-03 18:57:00,10858.25,10863.25,10858.25,10862.75,97461.7564102564,-0.785003101806069,0.35820580831224147,-1.1432089101183105,17.108695698976813,0,1,10862.75,10862.75,10862.75,0.0,0.0,0.0,0.0,4.871100935069548,-0.7272816194763436,-1.0600234519899172,n,n,n,n,-0.8472584759529127,-1.232760362196371,n,n,n,n,y,n,n,Nan,Nan,,,,,NaN,NaN,0,10862.75,0,1,,0,0.0,0,0
86,2022-11-03 18:58:00,10858.25,10863.25,10858.25,10862.75,97461.7564102564,-0.7272816194763436,0.3327418325135736,-1.0600234519899172,17.108695698976813,0,1,10862.75,10862.75,10862.75,0.0,0.0,0.0,0.0,4.521040124691618,-0.6737701262609335,-0.9827727868441205,n,n,n,n,-0.785003101806069,-1.1432089101183105,n,n,n,n,y,n,n,Nan,Nan,,,,,NaN,NaN,0,10862.75,0,1,,0,0.0,0,0
87,2022-11-03 18:59:00,10858.25,10863.25,10858.25,10862.75,97461.7564102564,-0.6737701262609335,0.30900266058318704,-0.9827727868441205,17.108695698976813,0,1,10862.75,10862.75,10862.75,0.0,0.0,0.0,0.0,4.195188792377909,-0.6241668751517864,-0.9110516045056537,n,n,n,n,-0.7272816194763436,-1.0600234519899172,n,n,n,n,y,n,n,Nan,Nan,-0.6737701262609335,-0.6737701262609335,,,NaN,NaN,0,10862.75,0,1,,0,0.0,0,0
88,2022-11-03 19:00:00,10858.25,10863.25,10858.25,10862.75,97461.7564102564,-0.6241668751517864,0.28688472935386733,-0.9110516045056537,17.108695698976813,0,1,10862.75,10862.75,10862.75,0.0,0.0,0.0,0.0,3.892030349500105,-0.25910259721604234,-0.7806618030477315,n,n,n,n,-0.6737701262609335,-0.9827727868441205,n,n,n,n,y,n,n,Nan,Nan,,,-0.6241668751517864,-0.6241668751517864,NaN,NaN,0,10862.75,0,1,,0,0.0,0,0
89,2022-11-03 19:01:00,10862.75,10866.75,10862.75,10866.75,97716.06493506492,-0.25910259721604234,0.5215592058316891,-0.7806618030477315,82.40339625642926,1,0,10863.15,10862.95,10862.83,12.308015817427927,3.2704879231835657,0.0,0.0,4.602200354825925,-0.12967499943624716,-0.6504644423254347,n,n,n,n,-0.6241668751517864,-0.9110516045056537,n,n,n,n,y,n,n,Nan,Nan,,,,,NaN,NaN,0,10862.75,0,1,,0,0.0,0,0
90,2022-11-03 19:02:00,10866.25,10868.0,10864.75,10864.75,97966.75757575755,-0.12967499943624716,0.5207894428891875,-0.6504644423254347,57.86129282907593,0,0,10863.35,10863.05,10862.87,15.577825774311025,4.556798619948856,12.308015817427927,3.2704879231835657,5.380177491026797,-0.1464519527489756,-0.5496619444101428,n,n,n,n,-0.25910259721604234,-0.7806618030477315,n,n,n,n,y,n,n,Nan,Nan,,,,,NaN,NaN,0,10862.75,0,1,,0,0.0,0,0
91,2022-11-03 19:03:00,10865.0,10865.25,10861.75,10863.25,98149.14705882352,-0.1464519527489756,0.4032099916611672,-0.5496619444101428,46.64149399425631,0,0,10863.4,10863.075,10862.88,13.134022306396323,4.449763758845775,15.577825774311025,4.556798619948856,5.721885577712697,-0.29752846086921636,-0.49923524770195754,n,n,n,n,-0.12967499943624716,-0.6504644423254347,n,n,n,n,y,n,n,Nan,Nan,,,,,NaN,NaN,0,10862.75,0,1,,0,0.0,0,0
92,2022-11-03 19:04:00,10863.5,10864.0,10860.0,10861.5,98313.62857142858,-0.29752846086921636,0.20170678683274118,-0.49923524770195754,37.50435703671094,0,0,10863.275,10863.0125,10862.855,4.936024110083987,2.8731481510729173,13.134022306396323,4.449763758845775,5.259247840804546,-0.2729014690994518,-0.4539684919814564,n,n,n,n,-0.1464519527489756,-0.5496619444101428,n,n,n,n,y,n,n,Nan,10861.5,,,,,NaN,NaN,0,10862.75,0,1,,0,0.0,0,0
93,2022-11-03 19:05:00,10861.5,10864.5,10860.25,10863.25,98483.0303030303,-0.2729014690994518,0.1810670228820046,-0.4539684919814564,48.39211434240659,0,0,10863.325,10863.0375,10862.865,2.862405226111748,2.830175245629432,4.936024110083987,2.8731481510729173,4.671565432309096,0.12842054974134953,-0.3374906836368952,n,n,n,n,-0.29752846086921636,-0.49923524770195754,n,n,n,n,y,n,n,Nan,Nan,,,,,NaN,NaN,0,10862.75,0,1,,0,0.0,0,0
94,2022-11-03 19:06:00,10863.75,10868.5,10863.75,10868.0,98634.26470588236,0.12842054974134953,0.46591123337824475,-0.3374906836368952,65.80555246080979,0,0,10863.85,10863.3,10862.97,14.931417178137552,6.604835496753972,2.862405226111748,2.830175245629432,5.141129970151277,0.5012122106600145,-0.16975010477751326,n,n,n,n,-0.2729014690994518,-0.4539684919814564,n,n,n,n,n,n,n,Nan,Nan,,,,,NaN,NaN,0,10862.75,0,1,,0,0.0,0,0
95,2022-11-03 19:07:00,10867.25,10869.25,10866.0,10868.75,98802.5588235294,0.5012122106600145,0.6709623154375278,-0.16975010477751326,67.66099476387714,0,0,10864.45,10863.6,10863.09,24.731083845863193,10.479135433736671,14.931417178137552,6.604835496753972,6.327403361744552,0.60808644971803,-0.01418279387840457,n,n,n,n,0.12842054974134953,-0.3374906836368952,n,n,n,n,n,n,n,Nan,Nan,,,,,NaN,NaN,0,10862.75,0,1,,0,0.0,0,0
96,2022-11-03 19:08:00,10868.5,10868.5,10865.75,10866.5,98991.29411764706,0.60808644971803,0.6222692435964347,-0.01418279387840457,57.56881276532625,0,0,10864.825,10863.7875,10863.165,24.65942507221066,12.022658264385422,24.731083845863193,10.479135433736671,7.175005105860696,0.6848900677869096,0.12563177845465828,n,n,n,n,0.5012122106600145,-0.16975010477751326,n,n,n,n,n,n,n,Nan,Nan,,,,,NaN,NaN,0,10862.75,0,1,,0,0.0,0,0
97,2022-11-03 19:09:00,10864.5,10867.25,10862.0,10866.5,99207.4411764706,0.6848900677869096,0.5592582893322513,0.12563177845465828,57.568812765326236,0,0,10865.2,10863.975,10863.24,22.397597952824842,13.242921045833402,24.65942507221066,12.022658264385422,7.545342553450781,0.9765750669266708,0.2958204361490608,n,n,n,n,0.60808644971803,-0.01418279387840457,n,n,y,n,n,n,n,Nan,Nan,0.6848900677869096,0.6848900677869096,,,NaN,NaN,0,10862.75,0,1,,0,0.0,0,0
98,2022-11-03 19:10:00,10867.25,10869.5,10864.5,10869.5,99443.3,0.9765750669266708,0.68075463077761,0.2958204361490608,65.52134018293432,0,0,10865.875,10864.3125,10863.375,25.79602649449995,16.432096076369145,22.397597952824842,13.242921045833402,8.069472431942629,,,n,n,n,n,0.6848900677869096,0.12563177845465828,n,n,y,n,n,n,n,Nan,Nan,0.9765750669266708,0.9765750669266708,0.9765750669266708,0.9765750669266708,NaN,NaN,0,10862.75,0,1,,0,0.0,0,0
