,Datetime,Open,High,Low,Close,Volume,MACD_12_26_9,MACDh_12_26_9,MACDs_12_26_9,RSI_14,RSI_14_A_70,RSI_14_B_30,slopes10,vol_gt2,macd_vol_gt1,macd_above_up,macd_above_dn,macd_below_up,macd_below_dn,date,uptrend,dates1,min_Close,max_Close,Buy_n,Buy_loss_limit,Sell_n,Sell_loss_limit,Sell_n_f,Buy_n_f,BS_list,a,as1,chk_repeat,Buy,Sell,Buy_zero,Buy_count_tmp,Buy_count,Sell_zero,Sell_count_tmp,Sell_count
0,2022-11-05 00:00:00,10747.0,10747.0,10732.5,10732.5,526495.6470588235,,,,,0,0,,n,n,n,n,n,n,2022-11-05 00:00:00,True,,,,,,,,,,0,0,0,0,NaN,NaN,0,0,0,0,0,0
1,2022-11-05 00:01:00,10732.25,10733.75,10717.0,10717.0,528725.7272727273,,,,,0,0,,n,n,n,n,n,n,,False,,,10717.0,,,,,,,0,0,0,0,NaN,NaN,0,0,0,0,0,0
2,2022-11-05 00:02:00,10717.0,10722.75,10711.25,10715.25,531979.3333333334,,,,,0,0,,n,n,n,n,n,n,,False,,,,,,,,,,0,0,0,0,NaN,NaN,0,0,0,0,0,0
3,2022-11-05 00:03:00,10715.25,10715.25,10703.0,10704.0,534497.1142857143,,,,,0,0,,n,n,n,n,n,n,2022-11-05 00:03:00,False,2022-11-05T00:00:00,,,,,,,,,0,0,0,0,NaN,NaN,0,0,0,0,0,0
4,2022-11-05 00:04:00,10704.0,10726.25,10702.75,10720.5,537460.9705882353,,,,,0,0,,n,n,n,n,n,n,,True,,10720.5,,,,,,,,0,0,0,0,NaN,NaN,0,0,0,0,0,0
5,2022-11-05 00:05:00,10720.0,10731.0,10720.0,10731.0,539712.3529411765,,,,,0,0,,n,n,n,n,n,n,2022-11-05 00:05:00,True,2022-11-05T00:03:00,,,,,,,,,0,0,0,0,NaN,NaN,0,0,0,0,0,0
6,2022-11-05 00:06:00,10729.75,10732.75,10722.75,10725.5,541553.5945945946,,,,,0,0,,n,n,n,n,n,n,,False,,,10725.5,,,,,,,0,0,0,0,NaN,NaN,0,0,0,0,0,0
7,2022-11-05 00:07:00,10725.5,10729.5,10723.0,10726.25,542940.4857142858,,,,,0,0,,n,n,n,n,n,n,,False,,,,,,,,,,0,0,0,0,NaN,NaN,0,0,0,0,0,0
8,2022-11-05 00:08:00,10724.75,10724.75,10713.5,10718.25,544249.6666666666,,,,,0,0,,n,n,n,n,n,n,,False,,,,,,,,,,0,0,0,0,NaN,NaN,0,0,0,0,0,0
9,2022-11-05 00:09:00,10721.25,10723.0,10702.5,10705.25,545965.5882352941,,,,,0,0,-32.84040427147348,n,n,n,n,n,n,,False,,,,,,,,,,0,0,0,0,NaN,NaN,0,0,0,0,0,0
10,2022-11-05 00:10:00,10705.25,10727.0,10705.25,10724.0,548668.3714285714,,,,,0,0,24.731083845863193,n,n,n,n,n,n,,False,,,,,,,,,,0,0,0,0,NaN,NaN,0,0,0,0,0,0
11,2022-11-05 00:11:00,10720.5,10722.5,10712.0,10716.5,550225.6857142857,,,,,0,0,12.80426606528675,n,n,n,n,n,n,,False,,,,,,,,,,0,0,0,0,NaN,NaN,0,0,0,0,0,0
12,2022-11-05 00:12:00,10716.5,10716.5,10695.75,10699.25,551533.8235294118,,,,,0,0,-46.6028509728083,n,n,n,n,n,n,2022-11-05 00:12:00,False,2022-11-05T00:05:00,,,,,,,,,0,0,0,0,NaN,NaN,0,0,0,0,0,0
13,2022-11-05 00:13:00,10702.75,10704.25,10679.75,10682.0,554493.8918918918,,,,,0,0,-75.40121878859536,n,n,n,n,n,n,2022-11-05 00:13:00,False,2022-11-05T00:12:00,,,,,10682.0,10712.0,10682.0,,-1,-1,-1,0,NaN,10682.0,0,0,0,10682.0,1,1
14,2022-11-05 00:14:00,10681.5,10690.75,10681.5,10688.0,557099.75,,,,35.11705685618729,0,0,-78.52752674353853,n,n,n,n,n,n,,True,,10688.0,,,,,,,,0,0,-1,5,NaN,NaN,0,0,0,0,0,1
15,2022-11-05 00:15:00,10685.5,10702.75,10680.0,10698.75,559506.9722222222,,,,39.78032473734479,0,0,-77.00977111144049,n,n,n,n,n,n,,True,,,,,,,,,,0,0,-1,5,NaN,NaN,0,0,0,0,0,1
16,2022-11-05 00:16:00,10698.75,10710.0,10695.25,10697.25,562052.9090909091,,,,39.355284198284636,0,0,-75.25643716352927,n,n,n,n,n,n,,True,,,,,,,,,,0,0,-1,5,NaN,NaN,0,0,0,0,0,1
17,2022-11-05 00:17:00,10697.0,10708.5,10688.5,10704.5,563850.1428571428,,,,42.55035725446369,0,0,-68.01756179688137,n,n,n,n,n,n,,True,,,,,,,,,,0,0,-1,5,NaN,NaN,0,0,0,0,0,1
18,2022-11-05 00:18:00,10704.5,10715.75,10704.5,10714.75,566042.3428571429,,,,46.81649910704015,0,0,-40.86477076964707,n,n,n,n,n,n,,True,,,,,,,,,,0,0,-1,5,NaN,NaN,0,0,0,0,0,1
19,2022-11-05 00:19:00,10714.75,10732.75,10714.75,10732.0,568256.9117647059,,,,53.125166296655415,0,0,40.81508387488159,n,n,n,n,n,n,2022-11-05 00:19:00,True,2022-11-05T00:13:00,,,,,,,,,0,0,-1,5,NaN,NaN,0,0,0,0,0,1
20,2022-11-05 00:20:00,10732.0,10736.75,10725.25,10734.0,570564.8888888889,,,,53.80929973961116,0,0,74.58704208324033,n,n,n,n,n,n,,True,,,,,,,,,,0,0,-1,5,NaN,NaN,0,0,0,0,0,1
21,2022-11-05 00:21:00,10735.75,10739.25,10732.5,10737.75,572106.0285714286,,,,55.13159271192444,0,0,80.49762400082983,n,n,n,n,n,n,,True,,,,,,,,,,0,0,-1,5,NaN,NaN,0,0,0,0,0,1
22,2022-11-05 00:22:00,10738.25,10738.25,10724.75,10724.75,573562.1515151515,,,,49.808396527580314,0,0,80.84425156987886,n,n,n,n,n,n,,True,,,,,,,,,,0,0,-1,5,NaN,NaN,0,0,0,0,0,1
23,2022-11-05 00:23:00,10724.5,10724.5,10710.25,10715.5,575335.6666666666,,,,46.37709753930564,0,0,77.3930962948241,n,n,n,n,n,n,,True,,,,,,,,,,0,0,-1,5,NaN,NaN,0,0,0,0,0,1
24,2022-11-05 00:24:00,10718.0,10734.5,10714.0,10734.5,576842.6666666666,,,,53.468039118408875,0,0,75.13743239234428,n,n,n,n,n,n,,True,,,,,,,,,,0,0,-1,5,NaN,NaN,0,0,0,0,0,1
25,2022-11-05 00:25:00,10734.5,10740.0,10731.0,10737.0,578436.5277777778,,,,54.32392034926872,0,0,73.40052443546658,n,n,n,n,n,n,,True,,,,,,,,,,0,0,-1,5,NaN,NaN,0,0,0,0,0,1
26,2022-11-05 00:26:00,10736.25,10743.75,10735.75,10742.5,579930.1081081082,,,,56.231283229401654,0,0,69.51861416790594,n,n,n,n,n,n,2022-11-05 00:26:00,True,2022-11-05T00:19:00,,,,,,,,,0,0,-1,5,NaN,NaN,0,0,0,0,0,1
27,2022-11-05 00:27:00,10742.5,10774.25,10741.0,10774.25,582406.9696969697,,,,65.25198341015931,0,0,74.74488129694222,n,n,n,n,n,n,2022-11-05 00:27:00,True,2022-11-05T00:26:00,,,,,,,,,0,0,-1,5,NaN,NaN,0,0,0,0,0,1
28,2022-11-05 00:28:00,10778.0,10793.75,10773.5,10789.75,585293.8378378379,,,,68.6490198778984,0,0,79.39212509092849,n,n,n,n,n,n,2022-11-05 00:28:00,True,2022-11-05T00:27:00,,,,,,,,,0,0,-1,5,NaN,NaN,0,0,0,0,0,1
29,2022-11-05 00:29:00,10789.75,10789.75,10776.75,10779.0,587621.8421052631,,,,63.977492955683836,0,0,81.46923439005187,n,n,n,n,n,n,,False,,,10779.0,,,,,,,0,0,-1,5,NaN,NaN,0,0,0,0,0,1
30,2022-11-05 00:30:00,10778.75,10779.5,10774.0,10777.25,588969.8181818182,,,,63.223242556488934,0,0,82.36725850582256,n,n,n,n,n,n,,False,,,,,,,,,,0,0,-1,5,NaN,NaN,0,0,0,0,0,1
31,2022-11-05 00:31:00,10775.25,10775.25,10763.5,10763.5,590457.6,,,,57.48844339134679,0,0,82.12881806316898,n,n,n,n,n,n,2022-11-05 00:31:00,False,2022-11-05T00:28:00,,,,,,,,,0,0,-1,5,NaN,NaN,0,0,0,0,0,1
32,2022-11-05 00:32:00,10763.5,10763.5,10752.75,10754.25,592029.2571428572,,,,53.94353843206473,0,0,79.35670622714038,n,n,n,n,n,n,,True,,10754.25,,,,,,,,0,0,-1,5,NaN,NaN,0,0,0,0,0,1
33,2022-11-05 00:33:00,10754.5,10764.25,10752.25,10758.0,593268.0285714286,13.631756113609299,3.0098767732799594,10.62187934032934,55.15093966007672,0,0,69.24956170288218,y,y,y,n,y,n,,True,,,,,,,,,,0,0,-1,5,NaN,NaN,0,0,0,0,0,1
34,2022-11-05 00:34:00,10758.0,10764.25,10753.25,10761.25,594339.0833333334,13.247194150386349,2.100251848045607,11.146942302340742,56.222095814408604,0,0,41.5526131481348,y,y,y,n,y,n,,True,,,,,,,,,,0,0,-1,5,NaN,NaN,0,0,0,0,0,1
35,2022-11-05 00:35:00,10763.25,10767.75,10759.0,10762.25,595372.9428571429,12.874706069223976,1.3822110135065877,11.492495055717388,56.565837508664394,0,0,-44.11859600341786,y,y,y,n,y,n,,True,,,,,,,,,,0,0,-1,5,NaN,NaN,0,0,0,0,0,1
36,2022-11-05 00:36:00,10760.75,10767.0,10757.0,10763.25,596028.6388888889,12.515922460686852,0.8187419239755709,11.697180536711281,56.93003458343823,0,0,-69.74991386688734,y,y,y,n,y,n,,True,,,,,,,,,,0,0,-1,5,NaN,NaN,0,0,0,0,0,1
37,2022-11-05 00:37:00,10763.25,10784.25,10762.5,10782.25,597308.5945945946,13.607862112565272,1.5285452606831917,12.07931685188208,63.23741874504197,0,0,-57.171458208587474,y,y,y,n,y,n,,True,,,,,,,,,,0,0,-1,5,NaN,NaN,0,0,0,0,0,1
38,2022-11-05 00:38:00,10781.0,10785.0,10773.25,10778.75,598812.8888888889,14.0290927559181,1.5598207232288157,12.469272032689284,61.452120570486535,0,0,19.598811324586006,y,y,y,n,y,n,,True,,,,,,,,,,0,0,-1,5,NaN,NaN,0,0,0,0,0,1
39,2022-11-05 00:39:00,10778.75,10789.5,10777.75,10782.75,599780.6111111111,14.51832938240841,1.6392458797753005,12.87908350263311,62.74655396658887,0,0,62.20374992727998,y,y,y,n,y,n,,True,,,,,,,,,,0,0,-1,5,NaN,NaN,0,0,0,0,0,1
40,2022-11-05 00:40:00,10779.0,10779.25,10767.25,10767.25,600907.3714285714,13.499716148093285,0.4965061163681401,13.003210031725144,55.034491081452074,0,0,67.63423920250882,y,y,y,n,y,n,,True,,,,,,,,,,0,0,-1,5,NaN,NaN,0,0,0,0,0,1
41,2022-11-05 00:41:00,10767.0,10776.75,10765.25,10772.5,602069.7352941176,12.966617846015652,-0.02927374856759357,12.995891594583245,56.963906793430084,0,0,67.83365417791754,y,y,n,y,n,y,,True,,,,,,,,,,0,0,-1,5,NaN,NaN,0,0,0,0,0,1
42,2022-11-05 00:42:00,10772.0,10777.25,10768.75,10768.75,602889.3513513514,12.10203521223957,-0.7150851058749392,12.81712031811451,55.14378878174351,0,0,57.14592646948464,y,y,n,y,n,y,,True,,,,,,,,,,0,0,-1,5,NaN,NaN,0,0,0,0,0,1
43,2022-11-05 00:43:00,10768.75,10778.75,10767.0,10778.25,603517.6285714286,12.044575482503205,-0.6180358684890432,12.662611350992249,58.74046337741409,0,0,50.99889553241629,y,y,n,y,n,y,,True,,,,,,,,,,0,0,-1,5,NaN,NaN,0,0,0,0,0,1
44,2022-11-05 00:44:00,10777.5,10789.25,10777.5,10789.0,604356.6363636364,12.71984691382022,0.045788450262376656,12.674058463557843,62.41315122731928,0,0,55.93228214588705,y,y,y,n,y,n,2022-11-05 00:44:00,True,2022-11-05T00:31:00,,,,,,,,,0,0,-1,5,NaN,NaN,0,0,0,0,0,1
45,2022-11-05 00:45:00,10786.5,10786.5,10765.0,10765.0,605637.552631579,11.189420292614159,-1.1877105367549472,12.377130829369106,51.41046631702647,0,0,8.190861376463381,y,y,n,y,n,y,,False,,,10765.0,,,,,,,0,0,-1,5,NaN,NaN,0,0,0,0,0,1
46,2022-11-05 00:46:00,10764.25,10766.75,10748.75,10761.25,607769.6111111111,9.563708036197568,-2.2507382345372307,11.814446270734798,49.929369804362985,0,0,-53.715781278434896,y,y,n,y,n,y,2022-11-05 00:46:00,False,2022-11-05T00:44:00,,,,,,,,,0,0,-1,5,NaN,NaN,0,0,0,0,0,1
47,2022-11-05 00:47:00,10761.25,10761.25,10747.75,10752.5,609118.6388888889,7.483008028622862,-3.4651505936895486,10.94815862231241,46.55885979646517,0,0,-64.0466242976358,y,y,n,y,n,y,,False,,,,,,,,,,0,0,-1,5,NaN,NaN,0,0,0,0,0,1
48,2022-11-05 00:48:00,10752.5,10753.75,10742.0,10743.75,610163.5714285715,5.069547817232888,-4.702888644063618,9.772436461296506,43.40349943136451,0,0,-72.10492475858311,y,y,n,y,n,y,2022-11-05 00:48:00,False,2022-11-05T00:46:00,,,,,,,,,0,0,-1,5,NaN,NaN,0,0,0,0,0,1
49,2022-11-05 00:49:00,10742.75,10745.5,10728.5,10729.5,611568.7777777778,1.9841354257769126,-6.230640828415675,8.214776254192588,38.792587066155214,0,0,-76.68621918355923,n,y,n,y,n,y,2022-11-05 00:49:00,False,2022-11-05T00:48:00,,,,,,,,,0,0,-1,5,NaN,NaN,0,0,0,0,0,1
50,2022-11-05 00:50:00,10729.5,10731.0,10718.0,10718.0,613285.0,-1.3732006122663734,-7.670381493167168,6.297180880900795,35.51370522256987,0,0,-81.07777036346866,n,y,n,y,n,y,2022-11-05 00:50:00,False,2022-11-05T00:49:00,,,,,,,,,0,0,-1,5,NaN,NaN,0,0,0,0,0,1
51,2022-11-05 00:51:00,10715.75,10722.5,10711.25,10717.75,615094.6,-4.00788610518066,-8.244053588865164,4.236167483684504,35.443569169212566,0,0,-82.48488715884653,y,y,n,y,n,y,,False,,,,,,,,,,0,0,-1,5,NaN,NaN,0,0,0,0,0,1
52,2022-11-05 00:52:00,10718.25,10736.5,10718.25,10736.5,616276.8611111111,-4.530697974500072,-7.013492366547661,2.482794392047589,44.3244457437396,0,0,-82.25695834370273,y,y,n,y,n,y,,False,,,,,,,,,,0,0,-1,5,NaN,NaN,0,0,0,0,0,1
53,2022-11-05 00:53:00,10736.5,10736.5,10720.75,10720.75,617883.8378378379,-6.145086784084924,-6.90230494090601,0.7572181568210861,39.41892547886572,0,0,-81.82801477354307,y,y,n,y,n,y,,False,,,,,,,,,,0,0,-1,5,NaN,NaN,0,0,0,0,0,1
54,2022-11-05 00:54:00,10717.5,10722.5,10715.75,10720.5,618881.2,-7.359834862430944,-6.493642415401624,-0.8661924470293199,39.344491740123146,0,0,-79.05846170844615,y,y,n,y,n,y,,False,,,,,,,,,,0,0,-1,5,NaN,NaN,0,0,0,0,0,1
55,2022-11-05 00:55:00,10720.5,10727.0,10714.75,10714.75,619712.6857142857,-8.686377261565212,-6.256147851628714,-2.4302294099364987,37.58652850768212,0,0,-77.37653282672319,y,y,n,y,n,y,2022-11-05 00:55:00,False,2022-11-05T00:50:00,,,,,,,,,0,0,-1,5,NaN,NaN,0,0,0,0,0,1
56,2022-11-05 00:56:00,10715.25,10718.0,10705.5,10707.5,621060.0833333334,-10.205048631125464,-6.219855376951172,-3.985193254174292,35.43655929445165,0,0,-75.23391346804942,y,y,n,y,n,y,,False,,,,,,,,,,0,0,-1,5,NaN,NaN,0,0,0,0,0,1
57,2022-11-05 00:57:00,10706.0,10717.25,10706.0,10714.75,622269.4,-10.700246443388096,-5.3720425513710435,-5.3282038920170525,39.18292555202499,0,0,-69.39030706246794,y,y,n,y,n,y,,False,,,,,,,,,,0,0,-1,5,NaN,NaN,0,0,0,0,0,1
58,2022-11-05 00:58:00,10714.75,10715.75,10708.0,10712.5,623146.1176470588,-11.14576898640371,-4.654052075509325,-6.491716910894384,38.43749390654354,0,0,-60.57254359681026,y,y,n,y,n,y,,False,,,,,,,,,,0,0,-1,5,NaN,NaN,0,0,0,0,0,1
59,2022-11-05 00:59:00,10709.5,10712.5,10706.0,10706.0,623872.4117647059,-11.886326317981002,-4.315687525669294,-7.5706387923117076,36.28961940608868,0,0,-61.108352741146604,y,y,n,y,n,y,,False,,,,,,,,,,0,0,-1,5,NaN,NaN,0,0,0,0,0,1
60,2022-11-05 01:00:00,10706.0,10721.25,10705.0,10719.5,624840.7941176471,-11.254155266447924,-2.9468131793089736,-8.30734208713895,43.36781053238478,0,0,-57.945779623797414,y,y,n,y,n,y,,False,,,,,,,,,,0,0,-1,5,NaN,NaN,0,0,0,0,0,1
61,2022-11-05 01:01:00,10721.25,10721.25,10707.0,10713.5,626122.4571428571,-11.109244553521421,-2.241521973105977,-8.867722580415444,41.178129453159386,0,0,-60.16941880696031,y,y,n,y,n,y,,False,,,,,,,,,,0,0,-1,5,NaN,NaN,0,0,0,0,0,1
62,2022-11-05 01:02:00,10713.5,10720.0,10698.5,10701.0,627213.3823529412,-11.866260438795507,-2.398830286704051,-9.467430152091456,36.98808472919846,0,0,-51.80961264738458,y,y,n,y,n,y,2022-11-05 01:02:00,False,2022-11-05T00:55:00,,,,,,,,,0,0,-1,5,NaN,NaN,0,0,0,0,0,1
63,2022-11-05 01:03:00,10702.5,10706.0,10699.0,10704.25,628673.5882352941,-12.064876754166107,-2.077957281659721,-9.986919472506386,38.73363432991027,0,0,-51.136020567311014,y,y,n,y,n,y,,True,,10704.25,,10704.25,10674.25,,,,10704.25,1,1,0,-1,10704.25,NaN,10704.25,1,1,0,0,1
64,2022-11-05 01:04:00,10705.5,10721.25,10704.75,10717.75,629838.4848484849,-11.006073277558244,-0.8153230440414863,-10.190750233516757,45.48872170624257,0,0,-16.220193695602788,y,y,n,y,n,y,,True,,,,,,,,,,0,0,0,0,NaN,NaN,0,0,1,0,0,1
65,2022-11-05 01:05:00,10718.75,10729.25,10715.5,10721.5,631404.4857142858,-9.751955758532858,0.3510355799871192,-10.102991338519978,47.22926246941438,0,0,27.186680812252046,y,y,y,n,y,n,,True,,,,,,,,,,0,0,0,0,NaN,NaN,0,0,1,0,0,1
66,2022-11-05 01:06:00,10721.0,10721.75,10712.25,10712.25,632256.5714285715,-9.39614339167747,0.5654783574740065,-9.961621749151476,43.536538251944464,0,0,13.954509173136849,y,y,y,n,y,n,,True,,,,,,,,,,0,0,0,0,NaN,NaN,0,0,1,0,0,1
67,2022-11-05 01:07:00,10712.75,10714.25,10707.25,10712.5,633179.3243243244,-8.990351441672829,0.7770162459829173,-9.767367687655746,43.664741480381515,0,0,22.915106287261178,y,y,y,n,y,n,,True,,,,,,,,,,0,0,0,0,NaN,NaN,0,0,1,0,0,1
68,2022-11-05 01:08:00,10710.25,10719.5,10710.25,10718.0,633855.2058823529,-8.131222689484275,1.3089159985371772,-9.440138688021452,46.54057102145047,0,0,37.74855626673608,y,y,y,n,y,n,,True,,,,,,,,,,0,0,0,0,NaN,NaN,0,0,1,0,0,1
69,2022-11-05 01:09:00,10718.0,10721.5,10715.0,10715.5,634524.34375,-7.564882810254858,1.500204702213276,-9.065087512468134,45.40593268676666,0,0,26.07684576001317,y,y,y,n,y,n,,True,,,,,,,,,,0,0,0,0,NaN,NaN,0,0,1,0,0,1
70,2022-11-05 01:10:00,10714.25,10714.25,10700.0,10706.75,635486.1621621621,-7.732965436951417,1.0656976604133739,-8.798663097364791,41.58463100948776,0,0,27.11794865391289,y,y,y,n,y,n,,True,,,,,,,,,,0,0,0,0,NaN,NaN,0,0,1,0,0,1
71,2022-11-05 01:11:00,10706.75,10716.75,10706.5,10707.25,636763.7142857143,-7.736643102460221,0.8496159959236564,-8.586259098383877,41.885605077987044,0,0,17.571258778322427,y,y,y,n,y,n,,True,,,,,,,,,,0,0,0,0,NaN,NaN,0,0,1,0,0,1
72,2022-11-05 01:12:00,10702.75,10709.5,10696.75,10703.25,637843.3243243244,-7.970445910452327,0.49265055034524075,-8.463096460797567,40.1053629421146,0,0,-40.51539399045538,y,y,y,n,y,n,,True,,,,,,,,,,0,0,0,0,NaN,NaN,0,0,1,0,0,1
73,2022-11-05 01:13:00,10703.25,10706.25,10695.25,10697.25,638781.3714285714,-8.541425934829022,-0.06266357922516264,-8.478762355603859,37.528721463261036,0,0,-65.19433424518398,y,y,n,y,n,y,,True,,,,,,,,,,0,0,0,0,NaN,NaN,0,0,1,0,0,1
74,2022-11-05 01:14:00,10697.75,10720.0,10697.5,10717.75,639974.0571428571,-7.2561091341576684,0.9781225771569524,-8.23423171131462,49.47305399994589,0,0,-53.86724826377606,y,y,y,n,y,n,,True,,,,,,,,,,0,0,0,0,NaN,NaN,0,0,1,0,0,1
75,2022-11-05 01:15:00,10717.75,10733.0,10717.75,10730.5,641713.2352941176,-5.1493098272603675,2.467937507243403,-7.61724733450377,55.20909604428079,0,0,20.2892005377698,y,y,y,n,y,n,2022-11-05 01:15:00,True,2022-11-05T01:02:00,,,,,,,,,0,0,0,0,NaN,NaN,0,0,1,0,0,1
76,2022-11-05 01:16:00,10730.5,10737.5,10728.0,10731.75,643263.7105263158,-3.340286896473117,3.421568350424523,-6.76185524689764,55.73960059937354,0,0,55.43567274676097,y,y,y,n,y,n,,False,,,10731.75,,,10731.75,10761.75,10731.75,,-1,-1,-1,0,NaN,10731.75,0,0,1,10731.75,1,2
77,2022-11-05 01:17:00,10732.0,10737.0,10705.25,10705.25,644395.6571428571,-3.9988554048723017,2.21039987362027,-6.209255278492572,43.875347489175795,0,0,40.96392131896699,y,y,y,n,y,n,,False,,,,,,,,,,0,0,-1,5,NaN,NaN,0,0,1,0,0,2
78,2022-11-05 01:18:00,10703.75,10709.0,10694.25,10695.5,646173.972972973,-5.24703465897619,0.7697764956131055,-6.016811154589296,40.46282025698593,0,0,11.726682321835913,y,y,y,n,y,n,2022-11-05 01:18:00,False,2022-11-05T01:15:00,,,,,,,,,0,0,-1,5,NaN,NaN,0,0,1,0,0,2
79,2022-11-05 01:19:00,10694.75,10694.75,10669.25,10670.0,649051.8055555555,-8.199345645422,-1.746027592666163,-6.4533180527558365,33.19164542426933,0,0,-60.08326947197155,y,y,n,y,n,y,2022-11-05 01:19:00,False,2022-11-05T01:18:00,,,,,,,,,0,0,-1,5,NaN,NaN,0,0,1,0,0,2
80,2022-11-05 01:20:00,10670.0,10696.25,10670.0,10693.0,651869.0810810811,-8.584212137418945,-1.7047152677304869,-6.879496869688458,43.12006004865816,0,0,-67.88298136105381,y,y,n,y,n,y,,True,,10693.0,,10693.0,10663.0,,,,10693.0,1,1,0,-1,10693.0,NaN,10693.0,1,2,0,0,2
81,2022-11-05 01:21:00,10693.0,10729.5,10691.0,10723.0,654746.5833333334,-6.394757541263971,0.38779146273958975,-6.7825490040035605,52.94318673411207,0,0,-53.409541259701065,y,y,y,n,y,n,2022-11-05 01:21:00,True,2022-11-05T01:19:00,,,,,,,,,0,0,0,0,NaN,NaN,0,0,2,0,0,2
82,2022-11-05 01:22:00,10723.75,10735.75,10718.75,10724.25,656980.1818181818,-4.5067830566258635,1.8206127579021576,-6.327395814528021,53.30504129681039,0,0,-31.91164786510376,y,y,y,n,y,n,,True,,,,,,,,,,0,0,0,0,NaN,NaN,0,0,2,0,0,2
83,2022-11-05 01:23:00,10724.5,10726.5,10715.75,10718.25,658465.7567567568,-3.4548738956527814,2.2980175351001915,-5.752891430752973,51.26716976031798,0,0,-41.35756066668435,y,y,y,n,y,n,,True,,,,,,,,,,0,0,0,0,NaN,NaN,0,0,2,0,0,2
84,2022-11-05 01:24:00,10718.25,10727.75,10715.25,10727.25,659375.0,-1.873408041377843,3.103586711500104,-4.976994752877947,54.10169979983738,0,0,24.945565048462154,n,y,y,n,y,n,,True,,,,,,,,,,0,0,0,0,NaN,NaN,0,0,2,0,0,2
85,2022-11-05 01:25:00,10731.0,10732.0,10720.75,10730.0,660645.5454545454,-0.39364524339725904,3.66667960758455,-4.060324850981809,54.96367981174364,0,0,69.64540099156913,n,n,y,n,y,n,2022-11-05 01:25:00,True,2022-11-05T01:21:00,,,,,,,,,0,0,0,0,NaN,NaN,0,0,2,0,0,2
86,2022-11-05 01:26:00,10726.75,10726.75,10714.25,10717.0,661827.5277777778,-0.2668379772476328,3.034789498987341,-3.301627476234974,50.16726878532508,0,0,76.92589982656546,n,n,y,n,y,n,,False,,,10717.0,,,10717.0,10747.0,10717.0,,-1,-1,-1,0,NaN,10717.0,0,0,2,10717.0,1,3
87,2022-11-05 01:27:00,10715.5,10716.25,10712.25,10714.5,662703.7027027027,-0.36387686585112533,2.350200488307079,-2.714077354158204,49.276707898699684,0,0,76.5841760064279,n,n,y,n,y,n,,False,,,,,,,,,,0,0,-1,5,NaN,NaN,0,0,2,0,0,3
88,2022-11-05 01:28:00,10715.25,10719.75,10713.5,10719.0,663418.8055555555,-0.07678338124424045,2.109835178331171,-2.1866185595754115,50.96409431563044,0,0,74.31889057029767,n,n,y,n,y,n,,False,,,,,,,,,,0,0,-1,5,NaN,NaN,0,0,2,0,0,3
89,2022-11-05 01:29:00,10719.0,10720.5,10712.0,10718.5,664079.0606060605,0.10913639594218694,1.8366039644140788,-1.7274675684718919,50.76203062700171,0,0,42.604651193176,n,n,y,n,y,n,,False,,,,,,,,,,0,0,-1,5,NaN,NaN,0,0,2,0,0,3
90,2022-11-05 01:30:00,10718.75,10725.0,10713.0,10713.0,665019.1714285715,-0.18519011932221474,1.2338219593197417,-1.4190120786419564,48.48480036647083,0,0,-47.13037055966125,n,n,y,n,y,n,,False,,,,,,,,,,0,0,-1,5,NaN,NaN,0,0,2,0,0,3
91,2022-11-05 01:31:00,10711.75,10717.75,10706.75,10706.75,665878.2,-0.9122528863317712,0.4054073538481482,-1.3176602401799193,45.961526361238576,0,0,-58.89781098142553,n,n,y,n,y,n,,False,,,,,,,,,,0,0,-1,5,NaN,NaN,0,0,2,0,0,3
92,2022-11-05 01:32:00,10705.5,10719.75,10705.5,10718.25,666886.5588235294,-0.5541139956840198,0.6108369955967197,-1.1649509912807394,51.01325370884309,0,0,-53.0675068442675,n,n,y,n,y,n,,False,,,,,,,,,,0,0,-1,5,NaN,NaN,0,0,2,0,0,3
93,2022-11-05 01:33:00,10720.75,10722.5,10714.0,10716.75,667851.7941176471,-0.3868642779889342,0.6224693706334441,-1.0093336486223783,50.35205479802751,0,0,-54.69560992338243,n,n,y,n,y,n,,False,,,,,,,,,,0,0,-1,5,NaN,NaN,0,0,2,0,0,3
94,2022-11-05 01:34:00,10717.25,10725.25,10714.25,10719.5,668495.4857142858,-0.03204624528734712,0.781829922668025,-0.8138761679553721,51.590858804613624,0,0,-35.97055285066167,n,n,y,n,y,n,,False,,,,,,,,,,0,0,-1,5,NaN,NaN,0,0,2,0,0,3
95,2022-11-05 01:35:00,10719.5,10720.75,10712.0,10718.5,669297.6666666666,0.166538210478393,0.7843315027470121,-0.6177932922686191,51.09162608968389,0,0,10.388857815469613,n,n,y,n,y,n,,False,,,,,,,,,,0,0,-1,5,NaN,NaN,0,0,2,0,0,3
96,2022-11-05 01:36:00,10719.0,10722.75,10711.75,10713.75,670276.2285714286,-0.058690927717179875,0.4472818916411514,-0.5059728193583313,48.68185552137675,0,0,6.054191894114834,n,n,y,n,y,n,,False,,,,,,,,,,0,0,-1,5,NaN,NaN,0,0,2,0,0,3
97,2022-11-05 01:37:00,10712.75,10713.0,10701.75,10704.0,671139.0285714286,-1.0122614385218185,-0.40503089533078973,-0.6072305431910288,44.08546341200517,0,0,-32.223355230747885,n,y,n,y,n,y,2022-11-05 01:37:00,False,2022-11-05T01:25:00,,,,,,,,,0,0,-1,5,NaN,NaN,0,0,2,0,0,3
98,2022-11-05 01:38:00,10702.5,10706.75,10694.75,10704.75,672326.6764705882,-1.6879960388559994,-0.8646123965319765,-0.8233836423240228,44.51940610488878,0,0,-41.9392140321241,n,y,n,y,n,y,,False,,,,,,,,,,0,0,-1,5,NaN,NaN,0,0,2,0,0,3
99,2022-11-05 01:39:00,10706.0,10708.5,10697.25,10700.25,673330.75,-2.55715567115476,-1.3870176230645899,-1.1701380480901702,42.39350569684929,0,0,-51.84277341263095,y,y,n,y,n,y,,False,,,,,,,,,,0,0,-1,5,NaN,NaN,0,0,2,0,0,3
100,2022-11-05 01:40:00,10699.75,10701.25,10687.25,10689.5,674350.7837837838,-4.0665296774132,-2.317113303458424,-1.7494163739547761,37.75527995483346,0,0,-67.19898368782772,y,y,n,y,n,y,2022-11-05 01:40:00,False,2022-11-05T01:37:00,,,,,,,,,0,0,-1,5,NaN,NaN,0,0,2,0,0,3
101,2022-11-05 01:41:00,10689.5,10712.25,10688.25,10712.25,675640.2222222222,-3.387930626164234,-1.3108114017675665,-2.0771192243966676,50.178334954077265,0,0,-67.1728804684402,y,y,n,y,n,y,,,,,,,,,,,,0,0,-1,5,NaN,NaN,0,0,2,0,0,3
102,2022-11-05 01:42:00,10708.75,10708.75,10693.0,10693.0,676624.0,-4.353268342409137,-1.820919294409976,-2.5323490479991615,42.45674701067213,0,0,-69.83278663975084,y,y,n,y,n,y,,,,,,,,,,,,0,0,-1,5,NaN,NaN,0,0,2,0,0,3
103,2022-11-05 01:43:00,10694.0,10699.5,10694.0,10695.0,677192.2647058824,-4.900433010778215,-1.8944671702232432,-3.005965840554972,43.43073776844178,0,0,-70.04726494597526,y,y,n,y,n,y,,,,,,,,,,,,0,0,-1,5,NaN,NaN,0,0,2,0,0,3
104,2022-11-05 01:44:00,10692.5,10697.0,10688.75,10690.0,678051.4166666666,-5.672138286443442,-2.1329379567107756,-3.539200329732666,41.53783221151472,0,0,-69.05162359388598,y,y,n,y,n,y,,,,,,,,,,,,0,0,-1,5,NaN,NaN,0,0,2,0,0,3
105,2022-11-05 01:45:00,10689.0,10693.75,10684.5,10687.75,678878.4848484849,-6.391598108843027,-2.2819182232882884,-4.109679885554739,40.67863025517555,0,0,-66.51522823752411,y,y,n,y,n,y,,,,,,,,,,,,0,0,-1,5,NaN,NaN,0,0,2,0,0,3
106,2022-11-05 01:46:00,10695.25,10697.75,10689.5,10697.75,679857.2972972973,-6.084717934269065,-1.5800304389714608,-4.504687495297604,46.02261752886807,0,0,-54.25598990900739,y,y,n,y,n,y,,,,,,,,,,,,0,0,-1,5,NaN,NaN,0,0,2,0,0,3
107,2022-11-05 01:47:00,10698.75,10704.0,10696.25,10704.0,680812.6944444445,-5.276367735565145,-0.6173441922140324,-4.659023543351113,49.10839827733662,0,0,-30.643528592638113,y,y,n,y,n,y,,,,,,,,,,,,0,0,-1,5,NaN,NaN,0,0,2,0,0,3
108,2022-11-05 01:48:00,10704.0,10712.75,10702.75,10709.0,681774.2352941176,-4.184054984609247,0.37997484699349293,-4.56402983160274,51.49727665379464,0,0,27.801458779934137,y,y,y,n,y,n,,,,,,,,,,,,0,0,-1,5,NaN,NaN,0,0,2,0,0,3
109,2022-11-05 01:49:00,10709.0,10711.0,10696.5,10698.5,682735.9411764706,-4.118179695573417,0.3566801088234586,-4.474859804396876,46.555090774707,0,0,35.856665988096104,y,y,y,n,y,n,,,,,,,,,,,,0,0,-1,5,NaN,NaN,0,0,2,0,0,3
110,2022-11-05 01:50:00,10698.5,10703.5,10690.75,10690.75,683714.0571428571,-4.6378707973781275,-0.13040879438500141,-4.507462002993126,43.25540713354521,0,0,-11.309932474020215,y,y,n,y,n,y,,,,,,,,,,,,0,0,-1,5,NaN,NaN,0,0,2,0,0,3
111,2022-11-05 01:51:00,10690.0,10692.75,10685.25,10688.75,684614.8571428572,-5.151727121612566,-0.5154120948955523,-4.636315026717014,42.41982909509191,0,0,15.093391245835846,y,y,n,y,n,y,,,,,,,,,,,,0,0,-1,5,NaN,NaN,0,0,2,0,0,3
112,2022-11-05 01:52:00,10689.75,10697.0,10687.5,10689.25,685353.6756756756,-5.455725926964078,-0.6555287201976512,-4.800197206766427,42.71774344508106,0,0,-13.051665342111281,y,y,n,y,n,y,,,,,,,,,,,,0,0,-1,5,NaN,NaN,0,0,2,0,0,3
113,2022-11-05 01:53:00,10686.75,10689.5,10685.0,10687.75,685941.1388888889,-5.751386233983794,-0.7609512217738938,-4.9904350122099,42.01542643494847,0,0,-32.47119229084849,y,y,n,y,n,y,,,,,,,,,,,,0,0,-1,5,NaN,NaN,0,0,2,0,0,3
114,2022-11-05 01:54:00,10687.75,10689.75,10685.0,10689.5,686327.8285714285,-5.777884922001249,-0.6299599278330792,-5.14792499416817,43.188943006127,0,0,-49.979999596310996,y,y,n,y,n,y,,,,,,,,,,,,0,0,-1,5,NaN,NaN,0,0,2,0,0,3
115,2022-11-05 01:55:00,10688.5,10688.5,10681.0,10685.5,687283.5,-6.051889479029342,-0.7231715878889373,-5.328717891140404,41.13947056236619,0,0,-64.61665234434687,y,y,n,y,n,y,,,,,,,,,,,,0,0,-1,5,NaN,NaN,0,0,2,0,0,3
116,2022-11-05 01:56:00,10685.5,10693.0,10679.25,10692.5,688224.4571428571,-5.639193454147971,-0.24838045040605383,-5.3908130037419175,45.97135272314713,0,0,-62.83223080099836,y,y,n,y,n,y,,,,,,,,,,,,0,0,-1,5,NaN,NaN,0,0,2,0,0,3
117,2022-11-05 01:57:00,10692.0,10695.0,10684.75,10692.25,689450.8333333334,-5.271534819790759,0.09542254716092735,-5.366957366951686,45.82666320908367,0,0,-52.91021831489696,y,y,y,n,y,n,,,,,,,,,,,,0,0,-1,5,NaN,NaN,0,0,2,0,0,3
118,2022-11-05 01:58:00,10691.75,10698.25,10689.25,10697.75,690129.4571428571,-4.484662273560389,0.7058360747130381,-5.190498348273427,49.585976326128986,0,0,4.504906863607023,y,y,y,n,y,n,,,,,,,,,,,,0,0,-1,5,NaN,NaN,0,0,2,0,0,3
119,2022-11-05 01:59:00,10697.75,10705.5,10697.5,10703.75,690956.5428571429,-3.33842694789746,1.4816571203007731,-4.820084068198233,53.38621219287536,0,0,51.204279106512736,y,y,y,n,y,n,,,,,,,,,,,,0,0,-1,5,NaN,NaN,0,0,2,0,0,3
120,2022-11-05 02:00:00,10703.75,10704.5,10693.0,10693.0,691641.8157894737,-3.259884434082778,1.2481597072923645,-4.508044141375143,46.60736779606825,0,0,51.170175095029606,y,y,y,n,y,n,,,,,,,,,,,,0,0,-1,5,NaN,NaN,0,0,2,0,0,3
121,2022-11-05 02:01:00,10693.0,10694.75,10688.5,10693.75,692464.8888888889,-3.1013695365454623,1.1253396838637446,-4.226709220409207,47.11193810562689,0,0,48.270487923183566,y,y,y,n,y,n,,,,,,,,,,,,0,0,-1,5,NaN,NaN,0,0,2,0,0,3
122,2022-11-05 02:02:00,10693.75,10698.25,10693.5,10698.25,692964.5555555555,-2.5828593514506792,1.3150798951668223,-3.8979392466175016,50.15557529266359,0,0,50.617580590126835,y,y,y,n,y,n,,,,,,,,,,,,0,0,-1,5,NaN,NaN,0,0,2,0,0,3
