,Datetime,Open,High,Low,Close,Volume,MACD_12_26_9,MACDh_12_26_9,MACDs_12_26_9,RSI_14,RSI_14_A_70,RSI_14_B_30,min_Close,max_Close,T_Buy,T_Sell,BS_list,a,as1,chk_repeat,Buy,Sell,Buy_zero,Buy_count_tmp,Buy_count,Sell_zero,Sell_count_tmp,Sell_count
0,2022-12-22T18:37:00,11329.25,11331.25,11329.25,11331.0,37432.7037037037,,,,,0,0,11331.0,11331.0,11331.0,11331.0,0,0,0,0,11331.0,11331.0,11331.0,1,1,11331.0,1,1
1,2022-12-22T18:38:00,11330.75,11331.5,11330.0,11330.75,37475.71186440678,,,,,0,0,11330.75,11330.75,11330.75,11330.75,0,0,0,0,11330.75,11330.75,11330.75,1,2,11330.75,1,2
2,2022-12-22T18:39:00,11330.75,11331.5,11329.5,11330.0,37531.70175438596,,,,,0,0,11330.0,11330.0,11330.0,11330.0,0,0,0,0,11330.0,11330.0,11330.0,1,3,11330.0,1,3
3,2022-12-22T18:40:00,11329.75,11329.75,11325.25,11326.75,37664.06896551724,,,,,0,0,11326.75,11326.75,11326.75,11326.75,0,0,0,0,11326.75,11326.75,11326.75,1,4,11326.75,1,4
4,2022-12-22T18:41:00,11326.75,11328.25,11326.5,11327.25,37687.44827586207,,,,,0,0,11327.25,11327.25,11327.25,11327.25,0,0,0,0,11327.25,11327.25,11327.25,1,5,11327.25,1,5
5,2022-12-22T18:42:00,11327.25,11329.0,11326.5,11327.5,37750.666666666664,,,,,0,0,11327.5,11327.5,11327.5,11327.5,0,0,0,0,11327.5,11327.5,11327.5,1,6,11327.5,1,6
6,2022-12-22T18:43:00,11327.5,11328.25,11323.5,11323.5,37903.793103448275,,,,,0,0,11323.5,11323.5,11323.5,11323.5,0,0,0,0,11323.5,11323.5,11323.5,1,7,11323.5,1,7
7,2022-12-22T18:44:00,11323.5,11325.25,11322.0,11322.25,38078.58620689655,,,,,0,0,11322.25,11322.25,11322.25,11322.25,0,0,0,0,11322.25,11322.25,11322.25,1,8,11322.25,1,8
8,2022-12-22T18:45:00,11322.0,11323.5,11321.0,11322.5,38215.26666666667,,,,,0,0,11322.5,11322.5,11322.5,11322.5,0,0,0,0,11322.5,11322.5,11322.5,1,9,11322.5,1,9
9,2022-12-22T18:46:00,11322.25,11324.5,11319.75,11320.5,38348.7,,,,,0,0,11320.5,11320.5,11320.5,11320.5,0,0,0,0,11320.5,11320.5,11320.5,1,10,11320.5,1,10
10,2022-12-22T18:47:00,11320.5,11322.75,11320.5,11322.0,38511.333333333336,,,,,0,0,11322.0,11322.0,11322.0,11322.0,0,0,0,0,11322.0,11322.0,11322.0,1,11,11322.0,1,11
11,2022-12-22T18:48:00,11322.0,11323.25,11321.0,11322.0,38683.13333333333,,,,,0,0,11322.0,11322.0,11322.0,11322.0,0,0,0,0,11322.0,11322.0,11322.0,1,12,11322.0,1,12
12,2022-12-22T18:49:00,11322.0,11327.0,11321.5,11326.25,38800.32142857143,,,,,0,0,11326.25,11326.25,11326.25,11326.25,0,0,0,0,11326.25,11326.25,11326.25,1,13,11326.25,1,13
13,2022-12-22T18:50:00,11326.25,11327.5,11325.5,11326.75,38928.34482758621,,,,,0,0,11326.75,11326.75,11326.75,11326.75,0,0,0,0,11326.75,11326.75,11326.75,1,14,11326.75,1,14
14,2022-12-22T18:51:00,11327.5,11330.5,11327.5,11328.5,39087.392857142855,,,,54.90277342695842,0,0,11328.5,11328.5,11328.5,11328.5,0,0,0,0,11328.5,11328.5,11328.5,1,15,11328.5,1,15
15,2022-12-22T18:52:00,11328.75,11328.75,11325.25,11325.25,39199.107142857145,,,,43.729778251498175,0,0,11325.25,11325.25,11325.25,11325.25,0,0,0,0,11325.25,11325.25,11325.25,1,16,11325.25,1,16
16,2022-12-22T18:53:00,11326.5,11326.75,11324.5,11326.5,39275.96666666667,,,,48.10418348576222,0,0,11326.5,11326.5,11326.5,11326.5,0,0,0,0,11326.5,11326.5,11326.5,1,17,11326.5,1,17
17,2022-12-22T18:54:00,11326.5,11326.5,11323.25,11323.75,39352.793103448275,,,,40.62228081729979,0,0,11323.75,11323.75,11323.75,11323.75,0,0,0,0,11323.75,11323.75,11323.75,1,18,11323.75,1,18
18,2022-12-22T18:55:00,11323.75,11325.75,11322.5,11324.5,39453.8275862069,,,,43.21625981015587,0,0,11324.5,11324.5,11324.5,11324.5,0,0,0,0,11324.5,11324.5,11324.5,1,19,11324.5,1,19
19,2022-12-22T18:56:00,11324.5,11327.5,11324.5,11327.25,39533.71428571428,,,,51.57053420612396,0,0,11327.25,11327.25,11327.25,11327.25,0,0,0,0,11327.25,11327.25,11327.25,1,20,11327.25,1,20
20,2022-12-22T18:57:00,11327.25,11329.75,11326.5,11329.0,39586.933333333334,,,,56.00626901323636,0,0,11329.0,11329.0,11329.0,11329.0,0,0,0,0,11329.0,11329.0,11329.0,1,21,11329.0,1,21
21,2022-12-22T18:58:00,11329.0,11329.75,11327.75,11329.75,39633.93548387097,,,,57.79059035999702,0,0,11329.75,11329.75,11329.75,11329.75,0,0,0,0,11329.75,11329.75,11329.75,1,22,11329.75,1,22
22,2022-12-22T18:59:00,11329.75,11329.75,11327.25,11327.25,39662.206896551725,,,,50.44592822174908,0,0,11327.25,11327.25,11327.25,11327.25,0,0,0,0,11327.25,11327.25,11327.25,1,23,11327.25,1,23
23,2022-12-22T19:00:00,11327.25,11329.25,11327.25,11328.5,39693.34482758621,,,,53.619886313529676,0,0,11328.5,11328.5,11328.5,11328.5,0,0,0,0,11328.5,11328.5,11328.5,1,24,11328.5,1,24
24,2022-12-22T19:01:00,11328.5,11328.5,11323.5,11324.75,39778.642857142855,,,,44.426598730085736,0,0,11324.75,11324.75,11324.75,11324.75,0,0,0,0,11324.75,11324.75,11324.75,1,25,11324.75,1,25
25,2022-12-22T19:02:00,11324.75,11327.5,11323.25,11326.5,39869.58620689655,0.5652244594130025,,,48.83526430756276,0,0,11326.5,11326.5,11326.5,11326.5,0,0,0,0,11326.5,11326.5,11326.5,1,26,11326.5,1,26
26,2022-12-22T19:03:00,11326.5,11327.25,11323.5,11327.25,40005.32258064516,0.564175243873251,,,50.64244554887627,0,0,11327.25,11327.25,11327.25,11327.25,0,0,0,0,11327.25,11327.25,11327.25,1,27,11327.25,1,27
27,2022-12-22T19:04:00,11327.25,11329.25,11326.75,11328.5,40129.65517241379,0.6566389611143677,,,53.584988879331,0,0,11328.5,11328.5,11328.5,11328.5,0,0,0,0,11328.5,11328.5,11328.5,1,28,11328.5,1,28
28,2022-12-22T19:05:00,11328.5,11329.25,11327.75,11328.75,40169.55172413793,0.7415419992812531,,,54.17342766057914,0,0,11328.75,11328.75,11328.75,11328.75,0,0,0,0,11328.75,11328.75,11328.75,1,29,11328.75,1,29
29,2022-12-22T19:06:00,11328.0,11329.25,11327.75,11329.25,40210.44827586207,0.8394968924385466,,,55.39150558682406,0,0,11329.25,11329.25,11329.25,11329.25,0,0,0,0,11329.25,11329.25,11329.25,1,30,11329.25,1,30
30,2022-12-22T19:07:00,11329.0,11330.75,11328.5,11329.0,40289.75,0.886732243005099,,,54.609906898119306,0,0,11329.0,11329.0,11329.0,11329.0,0,0,0,0,11329.0,11329.0,11329.0,1,31,11329.0,1,31
31,2022-12-22T19:08:00,11329.0,11329.0,11325.5,11326.75,40364.07142857143,0.7341476060646528,,,48.03984524714514,0,0,11326.75,11326.75,11326.75,11326.75,0,0,0,0,11326.75,11326.75,11326.75,1,32,11326.75,1,32
32,2022-12-22T19:09:00,11326.75,11328.5,11326.0,11328.5,40415.892857142855,0.7458360232085397,,,52.79660739589419,0,0,11328.5,11328.5,11328.5,11328.5,0,0,0,0,11328.5,11328.5,11328.5,1,33,11328.5,1,33
33,2022-12-22T19:10:00,11328.25,11329.5,11326.25,11326.75,40467.807692307695,0.6068929195662349,-0.09762778576320363,0.7045207053294386,48.058589429683536,0,0,11326.75,11326.75,11326.75,11326.75,0,0,0,0,11326.75,11326.75,11326.75,1,34,11326.75,1,34
34,2022-12-22T19:11:00,11326.75,11326.75,11325.5,11326.5,40502.03571428572,0.47117518400955305,-0.18667641705590843,0.6578516010654615,47.40411397476084,0,0,11326.5,11326.5,11326.5,11326.5,0,0,0,0,11326.5,11326.5,11326.5,1,35,11326.5,1,35
35,2022-12-22T19:12:00,11326.5,11328.0,11326.5,11327.0,40547.07142857143,0.3993601469337591,-0.20679316330536202,0.6061533102391211,48.90287867863448,0,0,11327.0,11327.0,11327.0,11327.0,0,0,0,0,11327.0,11327.0,11327.0,1,36,11327.0,1,36
36,2022-12-22T19:13:00,11328.0,11328.0,11326.75,11327.25,40582.06896551724,0.35848671165149426,-0.19813327887010157,0.5566199905215958,49.67506060004539,0,0,11327.25,11327.25,11327.25,11327.25,0,0,0,0,11327.25,11327.25,11327.25,1,37,11327.25,1,37
37,2022-12-22T19:14:00,11327.25,11327.25,11324.5,11324.5,40612.89655172414,0.10300482689672208,-0.362892130899899,0.4658969577966211,42.132514942841226,0,0,11324.5,11324.5,11324.5,11324.5,0,0,0,0,11324.5,11324.5,11324.5,1,38,11324.5,1,38
38,2022-12-22T19:15:00,11324.5,11326.25,11324.5,11325.75,40651.354838709674,0.0013822126093145926,-0.37161179614984524,0.37299400875915983,46.13601659769346,0,0,11325.75,11325.75,11325.75,11325.75,0,0,0,0,11325.75,11325.75,11325.75,1,39,11325.75,1,39
39,2022-12-22T19:16:00,11325.75,11325.75,11322.75,11323.75,40721.142857142855,-0.23779655599355465,-0.4886324518021716,0.2508358958086169,41.2219746229464,0,0,11323.75,11323.75,11323.75,11323.75,0,0,0,0,11323.75,11323.75,11323.75,1,40,11323.75,1,40
40,2022-12-22T19:17:00,11323.75,11325.0,11323.5,11325.0,40785.63333333333,-0.3227622971389792,-0.4588785543580769,0.1361162572190977,45.153933387941684,0,0,11325.0,11325.0,11325.0,11325.0,0,0,0,0,11325.0,11325.0,11325.0,1,41,11325.0,1,41
41,2022-12-22T19:18:00,11325.0,11325.75,11317.25,11317.75,40914.275862068964,-0.9640002732812718,-0.8800932244002956,-0.08390704888097622,31.847060843057672,0,0,11317.75,11317.75,11317.75,11317.75,0,0,0,0,11317.75,11317.75,11317.75,1,42,11317.75,1,42
42,2022-12-22T19:19:00,11317.75,11319.5,11316.75,11316.75,41054.1724137931,-1.5351810207084782,-1.1610191774620016,-0.3741618432464766,30.51142054474448,0,0,11316.75,11316.75,11316.75,11316.75,0,0,0,0,11316.75,11316.75,11316.75,1,43,11316.75,1,43
43,2022-12-22T19:20:00,11317.25,11317.25,11313.75,11315.5,41204.892857142855,-2.0649074636094156,-1.3525964962903512,-0.7123109673190644,28.88090248710613,0,1,11315.5,11315.5,11315.5,11315.5,0,0,0,0,11315.5,11315.5,11315.5,1,44,11315.5,1,44
44,2022-12-22T19:21:00,11316.25,11317.0,11315.5,11317.0,41305.607142857145,-2.336745474844065,-1.2995476060200004,-1.0371978688240646,33.47513643831945,0,0,11317.0,11317.0,11317.0,11317.0,0,0,0,0,11317.0,11317.0,11317.0,1,45,11317.0,1,45
45,2022-12-22T19:22:00,11317.0,11319.0,11315.0,11318.5,41382.607142857145,-2.4034362759557553,-1.0929907257053526,-1.3104455502504027,37.80213760769174,0,0,11318.5,11318.5,11318.5,11318.5,0,0,0,0,11318.5,11318.5,11318.5,1,46,11318.5,1,46
46,2022-12-22T19:23:00,11318.75,11325.5,11318.75,11321.0,41465.2,-2.2288671169881127,-0.7347372533901679,-1.4941298635979448,44.30430412715985,0,0,11321.0,11321.0,11321.0,11321.0,0,0,0,0,11321.0,11321.0,11321.0,1,47,11321.0,1,47
47,2022-12-22T19:24:00,11321.0,11321.5,11318.75,11319.0,41573.76666666667,-2.2262403728727804,-0.5856884074198685,-1.640551965452912,40.643717237356896,0,0,11319.0,11319.0,11319.0,11319.0,0,0,0,0,11319.0,11319.0,11319.0,1,48,11319.0,1,48
48,2022-12-22T19:25:00,11319.25,11322.0,11319.25,11320.75,41641.51724137931,-2.05921098221188,-0.33492721340717435,-1.7242837688047057,44.93120698505025,0,0,11320.75,11320.75,11320.75,11320.75,0,0,0,0,11320.75,11320.75,11320.75,1,49,11320.75,1,49
49,2022-12-22T19:26:00,11320.5,11320.5,11318.25,11318.25,41696.54838709677,-2.104310907108811,-0.3040217106432843,-1.8002891964655268,40.43747587829303,0,0,11318.25,11318.25,11318.25,11318.25,0,0,0,0,11318.25,11318.25,11318.25,1,50,11318.25,1,50
50,2022-12-22T19:27:00,11317.75,11317.75,11312.5,11313.25,41808.06451612903,-2.5145252538841305,-0.5713888459348828,-1.9431364079492477,33.27053991143505,0,0,11313.25,11313.25,11313.25,11313.25,0,0,0,0,11313.25,11313.25,11313.25,1,51,11313.25,1,51
51,2022-12-22T19:28:00,11313.25,11313.25,11309.5,11309.5,42117.82142857143,-3.106408001314776,-0.9306172746924224,-2.1757907266223535,29.10423021791277,0,1,11309.5,11309.5,11309.5,11309.5,0,0,0,0,11309.5,11309.5,11309.5,1,52,11309.5,1,52
52,2022-12-22T19:29:00,11310.75,11311.5,11309.0,11310.5,42326.709677419356,-3.4549610598260188,-1.0233362665629322,-2.4316247932630866,31.565286630572608,0,0,11310.5,11310.5,11310.5,11310.5,0,0,0,0,11310.5,11310.5,11310.5,1,53,11310.5,1,53
53,2022-12-22T19:30:00,11310.5,11311.0,11306.25,11307.5,42497.03333333333,-3.9279874041330913,-1.1970900886960036,-2.7308973154370877,28.382168485362577,0,1,11307.5,11307.5,11307.5,11307.5,0,0,0,0,11307.5,11307.5,11307.5,1,54,11307.5,1,54
54,2022-12-22T19:31:00,11307.5,11309.5,11306.5,11306.5,42702.807692307695,-4.333600780393681,-1.2821627719652744,-3.0514380084284065,27.390632433556465,0,1,11306.5,11306.5,11306.5,11306.5,0,0,0,0,11306.5,11306.5,11306.5,1,55,11306.5,1,55
55,2022-12-22T19:32:00,11307.25,11307.25,11303.0,11303.5,42891.166666666664,-4.841319513585404,-1.4319052041255977,-3.409414309459806,24.612662906057324,0,1,11303.5,11303.5,11303.5,11303.5,0,0,0,0,11303.5,11303.5,11303.5,1,56,11303.5,1,56
56,2022-12-22T19:33:00,11304.0,11306.75,11302.0,11306.75,43082.25,-4.924673854249704,-1.2122076358319185,-3.7124662184177857,32.58899141240635,0,0,11306.75,11306.75,11306.75,11306.75,0,0,0,0,11306.75,11306.75,11306.75,1,57,11306.75,1,57
57,2022-12-22T19:34:00,11306.75,11309.75,11306.0,11308.5,43185.25806451613,-4.794257182642468,-0.8654327713797461,-3.928824411262722,36.485848685869335,0,0,11308.5,11308.5,11308.5,11308.5,0,0,0,0,11308.5,11308.5,11308.5,1,58,11308.5,1,58
58,2022-12-22T19:35:00,11308.25,11308.25,11306.75,11307.75,43297.03448275862,-4.697272529017937,-0.6147584942041711,-4.082514034813766,35.537690554114846,0,0,11307.75,11307.75,11307.75,11307.75,0,0,0,0,11307.75,11307.75,11307.75,1,59,11307.75,1,59
59,2022-12-22T19:36:00,11308.25,11308.25,11304.0,11304.5,43384.392857142855,-4.827016489522066,-0.5956019637666401,-4.231414525755426,31.69406520128656,0,0,11304.5,11304.5,11304.5,11304.5,0,0,0,0,11304.5,11304.5,11304.5,1,60,11304.5,1,60
60,2022-12-22T19:37:00,11304.75,11306.0,11304.75,11305.75,43475.23333333333,-4.773943905989654,-0.43402350418738234,-4.339920401802272,34.622861011354324,0,0,11305.75,11305.75,11305.75,11305.75,0,0,0,0,11305.75,11305.75,11305.75,1,61,11305.75,1,61
61,2022-12-22T19:38:00,11305.75,11306.75,11304.5,11306.5,43538.75862068965,-4.618129843040151,-0.22256755299030306,-4.395562290049848,36.38533941235654,0,0,11306.5,11306.5,11306.5,11306.5,0,0,0,0,11306.5,11306.5,11306.5,1,62,11306.5,1,62
62,2022-12-22T19:39:00,11306.75,11306.75,11303.25,11306.0,43626.620689655174,-4.483311077561666,-0.07019903000945416,-4.413112047552212,35.694475790831035,0,0,11306.0,11306.0,11306.0,11306.0,0,0,0,0,11306.0,11306.0,11306.0,1,63,11306.0,1,63
63,2022-12-22T19:40:00,11305.5,11309.25,11305.5,11308.5,43711.21428571428,-4.127161776088542,0.22876021717093664,-4.355921993259479,41.659232324224135,0,0,11308.5,11308.5,11308.5,11308.5,0,0,0,0,11308.5,11308.5,11308.5,1,64,11308.5,1,64
64,2022-12-22T19:41:00,11308.5,11309.0,11307.25,11308.75,43778.666666666664,-3.7811512205043982,0.45981661820406483,-4.240967838708463,42.23624392855756,0,0,11308.75,11308.75,11308.75,11308.75,0,0,0,0,11308.75,11308.75,11308.75,1,65,11308.75,1,65
65,2022-12-22T19:42:00,11309.0,11309.75,11307.5,11309.25,43828.933333333334,-3.4270842470941716,0.6511068732914334,-4.078191120385605,43.44108063441789,0,0,11309.25,11309.25,11309.25,11309.25,0,0,0,0,11309.25,11309.25,11309.25,1,66,11309.25,1,66
66,2022-12-22T19:43:00,11309.25,11311.75,11308.25,11308.5,43918.36666666667,-3.1704553163926903,0.7261886431943321,-3.8966439595870224,42.02509953054241,0,0,11308.5,11308.5,11308.5,11308.5,0,0,0,0,11308.5,11308.5,11308.5,1,67,11308.5,1,67
67,2022-12-22T19:44:00,11308.5,11309.0,11306.0,11308.0,44014.607142857145,-2.973148258817673,0.7387965606154796,-3.711944819433153,41.06412292909757,0,0,11308.0,11308.0,11308.0,11308.0,0,0,0,0,11308.0,11308.0,11308.0,1,68,11308.0,1,68
68,2022-12-22T19:45:00,11308.0,11308.0,11306.25,11306.75,44109.51612903226,-2.8843960255744605,0.6620390350869538,-3.5464350606614143,38.68265349291772,0,0,11306.75,11306.75,11306.75,11306.75,0,0,0,0,11306.75,11306.75,11306.75,1,69,11306.75,1,69
69,2022-12-22T19:46:00,11306.75,11311.5,11306.75,11311.0,44259.392857142855,-2.442958851092044,0.8827809676554965,-3.3257398187475404,49.42260903689313,0,0,11311.0,11311.0,11311.0,11311.0,0,0,0,0,11311.0,11311.0,11311.0,1,70,11311.0,1,70
70,2022-12-22T19:47:00,11311.5,11312.5,11309.75,11312.25,44364.833333333336,-1.9695484283347469,1.084953112330235,-3.054501540664982,52.081079986128934,0,0,11312.25,11312.25,11312.25,11312.25,0,0,0,0,11312.25,11312.25,11312.25,1,71,11312.25,1,71
71,2022-12-22T19:48:00,11312.25,11313.25,11311.0,11312.0,44448.51724137931,-1.5961408500679681,1.1666885524776114,-2.7628294025455795,51.49806318376682,0,0,11312.0,11312.0,11312.0,11312.0,0,0,0,0,11312.0,11312.0,11312.0,1,72,11312.0,1,72
72,2022-12-22T19:49:00,11312.0,11315.0,11312.0,11314.5,44529.48275862069,-1.0859652163835563,1.3414913489296185,-2.4274565653131748,56.71615381700091,0,0,11314.5,11314.5,11314.5,11314.5,0,0,0,0,11314.5,11314.5,11314.5,1,73,11314.5,1,73
73,2022-12-22T19:50:00,11314.5,11314.5,11311.5,11312.5,44645.709677419356,-0.8334234496360295,1.2752264925417163,-2.108649942177746,51.90513017071145,0,0,11312.5,11312.5,11312.5,11312.5,0,0,0,0,11312.5,11312.5,11312.5,1,74,11312.5,1,74
74,2022-12-22T19:51:00,11313.0,11314.0,11310.5,11311.25,44717.833333333336,-0.7257804876571754,1.1062955636164564,-1.8320760512736318,49.10168652832682,0,0,11311.25,11311.25,11311.25,11311.25,0,0,0,0,11311.25,11311.25,11311.25,1,75,11311.25,1,75
75,2022-12-22T19:52:00,11311.25,11312.75,11310.75,11312.75,44778.57142857143,-0.5135157113199966,1.0548482719629082,-1.5683639832829048,52.42253295422588,0,0,11312.75,11312.75,11312.75,11312.75,0,0,0,0,11312.75,11312.75,11312.75,1,76,11312.75,1,76
76,2022-12-22T19:53:00,11312.75,11313.0,11311.25,11311.75,44836.933333333334,-0.4211314482472517,0.9177860280285226,-1.3389174762757743,50.076816387425026,0,0,11311.75,11311.75,11311.75,11311.75,0,0,0,0,11311.75,11311.75,11311.75,1,77,11311.75,1,77
77,2022-12-22T19:54:00,11311.75,11313.75,11311.75,11313.0,44887.73333333333,-0.2442362968558882,0.875744943535909,-1.1199812403917973,52.91311646925171,0,0,11313.0,11313.0,11313.0,11313.0,0,0,0,0,11313.0,11313.0,11313.0,1,78,11313.0,1,78
78,2022-12-22T19:55:00,11313.5,11317.0,11313.5,11317.0,44997.03703703704,0.21622840918462316,1.0689677196611362,-0.8527393104765132,60.622693805096986,0,0,11317.0,11317.0,11317.0,11317.0,0,0,0,0,11317.0,11317.0,11317.0,1,79,11317.0,1,79
79,2022-12-22T19:56:00,11317.25,11318.0,11314.75,11317.75,45091.06896551724,0.6343562739257322,1.1896764675217963,-0.5553201935960641,61.88288544633431,0,0,11317.75,11317.75,11317.75,11317.75,0,0,0,0,11317.75,11317.75,11317.75,1,80,11317.75,1,80
80,2022-12-22T19:57:00,11317.75,11318.5,11316.5,11317.25,45235.857142857145,0.9148341591317148,1.176123482182223,-0.26128932305050834,60.49296830322412,0,0,11317.25,11317.25,11317.25,11317.25,0,0,0,0,11317.25,11317.25,11317.25,1,81,11317.25,1,81
81,2022-12-22T19:58:00,11317.0,11317.75,11312.5,11313.0,45361.0,0.7851249904579163,0.8371314508067397,-0.05200646034882342,50.176671789326065,0,0,11313.0,11313.0,11313.0,11313.0,0,0,0,0,11313.0,11313.0,11313.0,1,82,11313.0,1,82
82,2022-12-22T19:59:00,11313.0,11314.5,11310.75,11311.75,45476.833333333336,0.5748386048526299,0.5014760521611628,0.07336255269146724,47.605215070729656,0,0,11311.75,11311.75,11311.75,11311.75,0,0,0,0,11311.75,11311.75,11311.75,1,83,11311.75,1,83
83,2022-12-22T20:00:00,11311.75,11317.0,11311.75,11315.0,45628.46428571428,0.6627927061035734,0.47154412272968493,0.1912485833738885,54.18011826545713,0,0,11315.0,11315.0,11315.0,11315.0,0,0,0,0,11315.0,11315.0,11315.0,1,84,11315.0,1,84
84,2022-12-22T20:01:00,11315.0,11317.5,11315.0,11316.75,45711.666666666664,0.8637505608603533,0.5380015819891718,0.3257489788711815,57.288174083397614,0,0,11316.75,11316.75,11316.75,11316.75,0,0,0,0,11316.75,11316.75,11316.75,1,85,11316.75,1,85
85,2022-12-22T20:02:00,11316.75,11317.75,11316.25,11316.5,45814.82142857143,0.9914098423851101,0.5325286908111428,0.45888115157396725,56.69650648221937,0,0,11316.5,11316.5,11316.5,11316.5,0,0,0,0,11316.5,11316.5,11316.5,1,86,11316.5,1,86
86,2022-12-22T20:03:00,11316.5,11317.5,11315.5,11315.75,45902.17857142857,1.0203006203028053,0.44913557498307044,0.5711650453197349,54.86579288975582,0,0,11315.75,11315.75,11315.75,11315.75,0,0,0,0,11315.75,11315.75,11315.75,1,87,11315.75,1,87
87,2022-12-22T20:04:00,11315.75,11315.75,11313.0,11314.25,45956.892857142855,0.9116503680143069,0.2723882581556576,0.6392621098586493,51.29815681666732,0,0,11314.25,11314.25,11314.25,11314.25,0,0,0,0,11314.25,11314.25,11314.25,1,88,11314.25,1,88
88,2022-12-22T20:05:00,11314.25,11314.5,11313.25,11314.0,46035.666666666664,0.7961933285496343,0.12554497495278805,0.6706483535968463,50.706357130356764,0,0,11314.0,11314.0,11314.0,11314.0,0,0,0,0,11314.0,11314.0,11314.0,1,89,11314.0,1,89
89,2022-12-22T20:06:00,11313.75,11318.75,11313.75,11318.5,46119.8275862069,1.0556364648273302,0.3079904889843871,0.7476459758429431,59.71523997422454,0,0,11318.5,11318.5,11318.5,11318.5,0,0,0,0,11318.5,11318.5,11318.5,1,90,11318.5,1,90
90,2022-12-22T20:07:00,11318.5,11319.0,11316.25,11318.0,46223.6129032258,1.206987794221277,0.3674734547026671,0.8395143395186099,58.43729457059883,0,0,11318.0,11318.0,11318.0,11318.0,0,0,0,0,11318.0,11318.0,11318.0,1,91,11318.0,1,91
91,2022-12-22T20:08:00,11318.0,11318.0,11313.5,11316.0,46325.346153846156,1.1522688893946906,0.25020363990086447,0.9020652494938262,53.504821606586034,0,0,11316.0,11316.0,11316.0,11316.0,0,0,0,0,11316.0,11316.0,11316.0,1,92,11316.0,1,92
92,2022-12-22T20:09:00,11316.0,11318.25,11316.0,11316.0,46494.75,1.0962666831728711,0.15536114694323588,0.9409055362296352,53.50482160658602,0,0,11316.0,11316.0,11316.0,11316.0,0,0,0,0,11316.0,11316.0,11316.0,1,93,11316.0,1,93
93,2022-12-22T20:10:00,11316.0,11322.0,11316.0,11321.25,46624.3,1.4587006619640306,0.41423610058751614,1.0444645613765144,63.009953781802764,0,0,11321.25,11321.25,11321.25,11321.25,0,0,0,0,11321.25,11321.25,11321.25,1,94,11321.25,1,94
94,2022-12-22T20:11:00,11321.25,11321.5,11319.5,11321.25,46740.724137931036,1.7260355380876717,0.5452567813689257,1.180778756718746,63.009953781802764,0,0,11321.25,11321.25,11321.25,11321.25,0,0,0,0,11321.25,11321.25,11321.25,1,95,11321.25,1,95
95,2022-12-22T20:12:00,11321.75,11325.0,11321.0,11324.25,46837.48275862069,2.1551322582654393,0.7794828012373545,1.3756494570280848,67.42348481543647,0,0,11324.25,11324.25,11324.25,11324.25,0,0,0,0,11324.25,11324.25,11324.25,1,96,11324.25,1,96
96,2022-12-22T20:13:00,11324.75,11325.0,11323.0,11324.25,46988.57142857143,2.4667592355181114,0.8728878227920212,1.5938714127260902,67.42348481543647,0,0,11324.25,11324.25,11324.25,11324.25,0,0,0,0,11324.25,11324.25,11324.25,1,97,11324.25,1,97
97,2022-12-22T20:14:00,11324.25,11325.5,11321.25,11322.0,47043.892857142855,2.5033130298270407,0.7275532936807605,1.7757597361462802,61.08392801252297,0,0,11322.0,11322.0,11322.0,11322.0,0,0,0,0,11322.0,11322.0,11322.0,1,98,11322.0,1,98
98,2022-12-22T20:15:00,11322.0,11322.25,11319.0,11319.5,47127.03571428572,2.303994059217075,0.4225874584566358,1.8814066007604393,54.90642400949403,0,0,11319.5,11319.5,11319.5,11319.5,0,0,0,0,11319.5,11319.5,11319.5,1,99,11319.5,1,99
99,2022-12-22T20:16:00,11319.5,11324.0,11319.5,11323.5,47206.06896551724,2.440664449090036,0.44740627866367744,1.9932581704263588,61.59821222859891,0,0,11323.5,11323.5,11323.5,11323.5,0,0,0,0,11323.5,11323.5,11323.5,1,100,11323.5,1,100
100,2022-12-22T20:17:00,11323.5,11323.5,11320.0,11320.25,47308.07407407407,2.2606692907393153,0.21392889625036515,2.04674039448895,54.51902145101733,0,0,11320.25,11320.25,11320.25,11320.25,0,0,0,0,11320.25,11320.25,11320.25,1,101,11320.25,1,101
101,2022-12-22T20:18:00,11320.25,11320.25,11316.75,11316.75,47401.41379310345,1.8146825508247275,-0.1856462749313783,2.000328825756106,48.107023666094065,0,0,11316.75,11316.75,11316.75,11316.75,0,0,0,0,11316.75,11316.75,11316.75,1,102,11316.75,1,102
102,2022-12-22T20:19:00,11317.25,11321.0,11317.25,11319.75,47502.7037037037,1.6838988366362173,-0.2531439912959108,1.9370428279321281,53.18898401638991,0,0,11319.75,11319.75,11319.75,11319.75,0,0,0,0,11319.75,11319.75,11319.75,1,103,11319.75,1,103
103,2022-12-22T20:20:00,11319.75,11320.25,11316.0,11316.0,47584.137931034486,1.2630979342193314,-0.5391559149702376,1.802253849189569,46.9937528418005,0,0,11316.0,11316.0,11316.0,11316.0,0,0,0,0,11316.0,11316.0,11316.0,1,104,11316.0,1,104
104,2022-12-22T20:21:00,11316.0,11316.25,11312.25,11313.5,47737.31034482759,0.7195861396285181,-0.8661341676488408,1.585720307277359,43.36722605228996,0,0,11313.5,11313.5,11313.5,11313.5,0,0,0,0,11313.5,11313.5,11313.5,1,105,11313.5,1,105
105,2022-12-22T20:22:00,11313.5,11313.75,11310.5,11311.75,47854.03333333333,0.14595625908441434,-1.1518112385543557,1.29776749763877,40.98305290825079,0,0,11311.75,11311.75,11311.75,11311.75,0,0,0,0,11311.75,11311.75,11311.75,1,106,11311.75,1,106
106,2022-12-22T20:23:00,11311.75,11311.75,11307.75,11309.25,47986.53571428572,-0.5045623796231666,-1.4418639018095494,0.9373015221863827,37.78705940632533,0,0,11309.25,11309.25,11309.25,11309.25,0,0,0,0,11309.25,11309.25,11309.25,1,107,11309.25,1,107
107,2022-12-22T20:24:00,11309.0,11310.0,11308.25,11308.5,48054.07142857143,-1.068307040948639,-1.6044868505080174,0.5361798095593785,36.85842599700323,0,0,11308.5,11308.5,11308.5,11308.5,0,0,0,0,11308.5,11308.5,11308.5,1,108,11308.5,1,108
108,2022-12-22T20:25:00,11309.5,11309.5,11305.25,11306.5,48234.1935483871,-1.6573570514919993,-1.7548294888411022,0.09747243734910294,34.42860620811883,0,0,11306.5,11306.5,11306.5,11306.5,0,0,0,0,11306.5,11306.5,11306.5,1,109,11306.5,1,109
109,2022-12-22T20:26:00,11304.25,11305.75,11297.75,11299.25,48494.68965517241,-2.678323788511989,-2.2206369806888735,-0.4576868078231154,27.381804651492295,0,1,11299.25,11299.25,11299.25,11299.25,0,0,0,0,11299.25,11299.25,11299.25,1,110,11299.25,1,110
110,2022-12-22T20:27:00,11298.25,11305.5,11298.25,11305.5,48948.75,-2.9491287957098393,-1.993153590309379,-0.9559752054004602,38.97733158804681,0,0,11305.5,11305.5,11305.5,11305.5,0,0,0,0,11305.5,11305.5,11305.5,1,111,11305.5,1,111
111,2022-12-22T20:28:00,11305.25,11306.5,11303.75,11304.25,49068.17857142857,-3.227404755243697,-1.8171436398745893,-1.4102611153691076,37.681386526904625,0,0,11304.25,11304.25,11304.25,11304.25,0,0,0,0,11304.25,11304.25,11304.25,1,112,11304.25,1,112
112,2022-12-22T20:29:00,11303.25,11303.25,11299.25,11299.75,49234.89655172414,-3.7676220482644567,-1.885888746316279,-1.8817333019481777,33.37877562317416,0,0,11299.75,11299.75,11299.75,11299.75,0,0,0,0,11299.75,11299.75,11299.75,1,113,11299.75,1,113
113,2022-12-22T20:30:00,11299.75,11300.5,11297.0,11300.0,49356.851851851854,-4.127990331420733,-1.7970056235780443,-2.330984707842689,33.83081179004634,0,0,11300.0,11300.0,11300.0,11300.0,0,0,0,0,11300.0,11300.0,11300.0,1,114,11300.0,1,114
114,2022-12-22T20:31:00,11299.75,11299.75,11286.25,11291.0,49760.88461538462,-5.081236247495326,-2.20020123172211,-2.8810350157732163,26.784892482710063,0,1,11291.0,11291.0,11291.0,11291.0,0,0,0,0,11291.0,11291.0,11291.0,1,115,11291.0,1,115
115,2022-12-22T20:32:00,11290.5,11295.0,11289.5,11291.5,50250.53333333333,-5.730289472368895,-2.279403565276543,-3.450885907092352,27.68596556469142,0,1,11291.5,11291.5,11291.5,11291.5,0,0,0,0,11291.5,11291.5,11291.5,1,116,11291.5,1,116
116,2022-12-22T20:33:00,11291.5,11292.75,11290.0,11291.0,50430.88888888889,-6.213390552000419,-2.2100037159264536,-4.0033868360739655,27.32381815653432,0,1,11291.0,11291.0,11291.0,11291.0,0,0,0,0,11291.0,11291.0,11291.0,1,117,11291.0,1,117
117,2022-12-22T20:34:00,11291.75,11295.75,11291.25,11293.75,50579.57142857143,-6.301707459953832,-1.8386564991038927,-4.463050960849939,32.54967073270203,0,0,11293.75,11293.75,11293.75,11293.75,0,0,0,0,11293.75,11293.75,11293.75,1,118,11293.75,1,118
118,2022-12-22T20:35:00,11293.75,11297.5,11293.0,11296.0,50751.96296296296,-6.119600109088424,-1.3252393185907874,-4.794360790497636,36.56854337109428,0,0,11296.0,11296.0,11296.0,11296.0,0,0,0,0,11296.0,11296.0,11296.0,1,119,11296.0,1,119
119,2022-12-22T20:36:00,11296.0,11297.0,11295.5,11295.5,50859.357142857145,-5.94707041699985,-0.9221677012017704,-5.0249027157980795,36.054439251209175,0,0,11295.5,11295.5,11295.5,11295.5,0,0,0,0,11295.5,11295.5,11295.5,1,120,11295.5,1,120
120,2022-12-22T20:37:00,11295.5,11295.5,11291.0,11294.0,50964.862068965514,-5.863782818729305,-0.6711040823449803,-5.192678736384325,34.487986842240055,0,0,11294.0,11294.0,11294.0,11294.0,0,0,0,0,11294.0,11294.0,11294.0,1,121,11294.0,1,121
121,2022-12-22T20:38:00,11294.0,11296.25,11293.75,11296.25,51085.793103448275,-5.552218087106667,-0.2876314805778728,-5.264586606528794,38.784311946909575,0,0,11296.25,11296.25,11296.25,11296.25,0,0,0,0,11296.25,11296.25,11296.25,1,122,11296.25,1,122
122,2022-12-22T20:39:00,11295.75,11297.75,11295.75,11297.75,51201.92592592593,-5.125183404643394,0.11152256150831974,-5.236705966151714,41.5369619575953,0,0,11297.75,11297.75,11297.75,11297.75,0,0,0,0,11297.75,11297.75,11297.75,1,123,11297.75,1,123
123,2022-12-22T20:40:00,11297.5,11297.5,11294.75,11294.75,51306.862068965514,-4.971521663061139,0.2121474424724603,-5.1836691055336,37.86929294317757,0,0,11294.75,11294.75,11294.75,11294.75,0,0,0,0,11294.75,11294.75,11294.75,1,124,11294.75,1,124
124,2022-12-22T20:41:00,11294.75,11298.0,11294.75,11297.25,51391.78571428572,-4.595045692727581,0.47089873024481577,-5.065944422972397,42.43119599810257,0,0,11297.25,11297.25,11297.25,11297.25,0,0,0,0,11297.25,11297.25,11297.25,1,125,11297.25,1,125
125,2022-12-22T20:42:00,11296.75,11297.75,11293.75,11293.75,51452.857142857145,-4.526922973031105,0.4312171599530332,-4.958140132984139,38.20216866055279,0,0,11293.75,11293.75,11293.75,11293.75,0,0,0,0,11293.75,11293.75,11293.75,1,126,11293.75,1,126
126,2022-12-22T20:43:00,11293.75,11296.25,11293.75,11295.5,51503.392857142855,-4.28236046645543,0.5406237332229678,-4.822984199678397,41.34976934707005,0,0,11295.5,11295.5,11295.5,11295.5,0,0,0,0,11295.5,11295.5,11295.5,1,127,11295.5,1,127
127,2022-12-22T20:44:00,11295.5,11295.75,11294.0,11294.5,51550.137931034486,-4.121721916100796,0.5610098268620813,-4.682731742962877,40.09309537989401,0,0,11294.5,11294.5,11294.5,11294.5,0,0,0,0,11294.5,11294.5,11294.5,1,128,11294.5,1,128
128,2022-12-22T20:45:00,11294.0,11294.0,11287.0,11287.25,51690.153846153844,-4.527241890426012,0.12439188202949225,-4.651633772455504,32.40406306984298,0,0,11287.25,11287.25,11287.25,11287.25,0,0,0,0,11287.25,11287.25,11287.25,1,129,11287.25,1,129
129,2022-12-22T20:46:00,11287.0,11290.0,11286.25,11288.75,51903.41379310345,-4.6737063501914236,-0.017658062188735002,-4.6560482880026886,35.17411853638988,0,0,11288.75,11288.75,11288.75,11288.75,0,0,0,0,11288.75,11288.75,11288.75,1,130,11288.75,1,130
130,2022-12-22T20:47:00,11289.5,11289.5,11286.0,11288.0,52069.44827586207,-4.79502515655804,-0.1111814948442813,-4.683843661713759,34.41472505441372,0,0,11288.0,11288.0,11288.0,11288.0,0,0,0,0,11288.0,11288.0,11288.0,1,131,11288.0,1,131
131,2022-12-22T20:48:00,11288.0,11289.5,11283.0,11285.0,52240.107142857145,-5.0747475814150675,-0.31272313576104693,-4.762024445654021,31.486449091402687,0,0,11285.0,11285.0,11285.0,11285.0,0,0,0,0,11285.0,11285.0,11285.0,1,132,11285.0,1,132
132,2022-12-22T20:49:00,11284.0,11287.75,11283.75,11286.25,52435.392857142855,-5.1363563463983155,-0.29946552059543574,-4.83689082580288,34.00612548190404,0,0,11286.25,11286.25,11286.25,11286.25,0,0,0,0,11286.25,11286.25,11286.25,1,133,11286.25,1,133
133,2022-12-22T20:50:00,11287.0,11288.5,11285.75,11285.75,52517.857142857145,-5.165977386242957,-0.2632692483520618,-4.902708137890896,33.47579827629988,0,0,11285.75,11285.75,11285.75,11285.75,0,0,0,0,11285.75,11285.75,11285.75,1,134,11285.75,1,134
134,2022-12-22T20:51:00,11285.25,11289.0,11285.25,11288.5,52662.13333333333,-4.910939997102105,-0.0065854873689668025,-4.904354509733138,39.101073359192334,0,0,11288.5,11288.5,11288.5,11288.5,0,0,0,0,11288.5,11288.5,11288.5,1,135,11288.5,1,135
135,2022-12-22T20:52:00,11288.5,11290.0,11287.75,11289.25,52817.666666666664,-4.595330190828463,0.24721945512373988,-4.842549645952203,40.57689106272071,0,0,11289.25,11289.25,11289.25,11289.25,0,0,0,0,11289.25,11289.25,11289.25,1,136,11289.25,1,136
136,2022-12-22T20:53:00,11289.25,11292.75,11289.25,11292.0,52944.137931034486,-4.076315895990774,0.6129869999691433,-4.6893028959599174,45.76663296012976,0,0,11292.0,11292.0,11292.0,11292.0,0,0,0,0,11292.0,11292.0,11292.0,1,137,11292.0,1,137
137,2022-12-22T20:54:00,11292.0,11295.0,11292.0,11293.0,53084.11111111111,-3.5434549425299338,0.916678362743987,-4.460133305273921,47.560143263038036,0,0,11293.0,11293.0,11293.0,11293.0,0,0,0,0,11293.0,11293.0,11293.0,1,138,11293.0,1,138
138,2022-12-22T20:55:00,11293.25,11295.25,11289.5,11289.5,53290.967741935485,-3.364792315829618,0.8762727915554427,-4.241065107385061,42.28886368308607,0,0,11289.5,11289.5,11289.5,11289.5,0,0,0,0,11289.5,11289.5,11289.5,1,139,11289.5,1,139
139,2022-12-22T20:56:00,11289.5,11294.25,11289.0,11292.5,53481.77419354839,-2.9471530235059618,1.0351296671032792,-3.982282690609241,47.64519393145821,0,0,11292.5,11292.5,11292.5,11292.5,0,0,0,0,11292.5,11292.5,11292.5,1,140,11292.5,1,140
140,2022-12-22T20:57:00,11292.5,11294.25,11292.5,11293.0,53603.333333333336,-2.5464709224143007,1.1486494145559525,-3.695120336970253,48.50306599705664,0,0,11293.0,11293.0,11293.0,11293.0,0,0,0,0,11293.0,11293.0,11293.0,1,141,11293.0,1,141
141,2022-12-22T20:58:00,11293.0,11294.75,11291.5,11291.5,53655.0,-2.3231847073438985,1.0975485037010841,-3.4207332110449826,46.064479964970516,0,0,11291.5,11291.5,11291.5,11291.5,0,0,0,0,11291.5,11291.5,11291.5,1,142,11291.5,1,142
142,2022-12-22T20:59:00,11292.5,11293.25,11288.0,11288.25,53755.42857142857,-2.3810295849107206,0.8317629009074099,-3.2127924858181305,41.22791478796694,0,0,11288.25,11288.25,11288.25,11288.25,0,0,0,0,11288.25,11288.25,11288.25,1,143,11288.25,1,143
143,2022-12-22T21:00:00,11288.0,11288.0,11280.0,11282.5,54092.48275862069,-2.8579048640895053,0.2839100973829005,-3.141814961472406,34.355144630243394,0,0,11282.5,11282.5,11282.5,11282.5,0,0,0,0,11282.5,11282.5,11282.5,1,144,11282.5,1,144
144,2022-12-22T21:01:00,11283.0,11287.75,11283.0,11287.75,54395.92857142857,-2.7801529618591303,0.28932959969062066,-3.069482561549751,43.59991907668912,0,0,11287.75,11287.75,11287.75,11287.75,0,0,0,0,11287.75,11287.75,11287.75,1,145,11287.75,1,145
145,2022-12-22T21:02:00,11287.75,11294.5,11286.75,11292.75,54580.74074074074,-2.288693175645676,0.6246315087232599,-2.913324684368936,50.718235040510244,0,0,11292.75,11292.75,11292.75,11292.75,0,0,0,0,11292.75,11292.75,11292.75,1,146,11292.75,1,146
146,2022-12-22T21:03:00,11293.5,11295.25,11292.75,11294.75,54701.48148148148,-1.7180202015406394,0.9562435862626373,-2.6742637878032767,53.25942016595329,0,0,11294.75,11294.75,11294.75,11294.75,0,0,0,0,11294.75,11294.75,11294.75,1,147,11294.75,1,147
147,2022-12-22T21:04:00,11295.5,11296.5,11292.5,11294.0,54853.862068965514,-1.3111622280812298,1.0904812477776376,-2.4016434758588674,52.17296570636333,0,0,11294.0,11294.0,11294.0,11294.0,0,0,0,0,11294.0,11294.0,11294.0,1,148,11294.0,1,148
148,2022-12-22T21:05:00,11293.5,11296.75,11291.0,11296.0,55020.31034482759,-0.8179126793220348,1.2669846372294664,-2.0848973165515012,54.819741879394066,0,0,11296.0,11296.0,11296.0,11296.0,0,0,0,0,11296.0,11296.0,11296.0,1,149,11296.0,1,149
149,2022-12-22T21:06:00,11296.0,11297.25,11295.0,11295.75,55200.5,-0.4420856803899369,1.3142493089292515,-1.7563349893191884,54.41437143782662,0,0,11295.75,11295.75,11295.75,11295.75,0,0,0,0,11295.75,11295.75,11295.75,1,150,11295.75,1,150
150,2022-12-22T21:07:00,11296.0,11296.75,11292.0,11292.0,55349.793103448275,-0.44174161364207976,1.0516747005416869,-1.4934163141837666,48.60807199467198,0,0,11292.0,11292.0,11292.0,11292.0,0,0,0,0,11292.0,11292.0,11292.0,1,151,11292.0,1,151
151,2022-12-22T21:08:00,11293.0,11295.5,11292.25,11295.5,55449.93103448276,-0.15723567401255423,1.06894451213697,-1.2261801861495243,53.58607928991745,0,0,11295.5,11295.5,11295.5,11295.5,0,0,0,0,11295.5,11295.5,11295.5,1,152,11295.5,1,152
152,2022-12-22T21:09:00,11295.5,11295.5,11293.0,11293.75,55494.86666666667,-0.0721414401268703,0.9232309968181233,-0.9953724369449936,50.929721288948265,0,0,11293.75,11293.75,11293.75,11293.75,0,0,0,0,11293.75,11293.75,11293.75,1,153,11293.75,1,153
153,2022-12-22T21:10:00,11294.0,11297.5,11292.5,11297.5,55643.346153846156,0.2944952552570612,1.0318941537616437,-0.7373988985045826,55.966946081181625,0,0,11297.5,11297.5,11297.5,11297.5,0,0,0,0,11297.5,11297.5,11297.5,1,154,11297.5,1,154
154,2022-12-22T21:11:00,11297.0,11297.25,11295.25,11295.25,55781.73333333333,0.3989029766526073,0.9090415001257519,-0.5101385234731446,52.48558715390427,0,0,11295.25,11295.25,11295.25,11295.25,0,0,0,0,11295.25,11295.25,11295.25,1,155,11295.25,1,155
155,2022-12-22T21:12:00,11295.25,11301.25,11295.25,11297.75,55939.793103448275,0.6755881945355213,0.9485813744069327,-0.2729931798714114,55.777177806115034,0,0,11297.75,11297.75,11297.75,11297.75,0,0,0,0,11297.75,11297.75,11297.75,1,156,11297.75,1,156
156,2022-12-22T21:13:00,11297.25,11299.25,11296.75,11297.25,56130.87096774193,0.8447793117393303,0.8942179932885934,-0.049438681549263064,54.95716719726534,0,0,11297.25,11297.25,11297.25,11297.25,0,0,0,0,11297.25,11297.25,11297.25,1,157,11297.25,1,157
157,2022-12-22T21:14:00,11296.5,11296.5,11293.0,11295.5,56251.107142857145,0.8281082005851204,0.7020375057075068,0.12607069487761363,52.071691957600244,0,0,11295.5,11295.5,11295.5,11295.5,0,0,0,0,11295.5,11295.5,11295.5,1,158,11295.5,1,158
158,2022-12-22T21:15:00,11295.5,11299.25,11294.5,11297.75,56408.96666666667,0.9850968377086247,0.6872209142648088,0.29787592344381586,55.319847465336785,0,0,11297.75,11297.75,11297.75,11297.75,0,0,0,0,11297.75,11297.75,11297.75,1,159,11297.75,1,159
159,2022-12-22T21:16:00,11298.25,11299.5,11297.0,11297.75,56542.06896551724,1.0968674583873508,0.6391932279548279,0.45767423043252287,55.3198474653368,0,0,11297.75,11297.75,11297.75,11297.75,0,0,0,0,11297.75,11297.75,11297.75,1,160,11297.75,1,160
160,2022-12-22T21:17:00,11297.75,11297.75,11294.25,11294.25,56663.96551724138,0.8927348397355672,0.34804848744243544,0.5446863522931318,49.29306604678106,0,0,11294.25,11294.25,11294.25,11294.25,0,0,0,0,11294.25,11294.25,11294.25,1,161,11294.25,1,161
161,2022-12-22T21:18:00,11294.0,11296.5,11291.5,11296.5,56825.607142857145,0.9021154394849873,0.2859432697534844,0.6161721697315029,52.84931099784964,0,0,11296.5,11296.5,11296.5,11296.5,0,0,0,0,11296.5,11296.5,11296.5,1,162,11296.5,1,162
162,2022-12-22T21:19:00,11296.5,11296.5,11293.25,11296.25,56916.1724137931,0.8792413744504302,0.21045536377514185,0.6687860106752883,52.40948953414587,0,0,11296.25,11296.25,11296.25,11296.25,0,0,0,0,11296.25,11296.25,11296.25,1,163,11296.25,1,163
163,2022-12-22T21:20:00,11296.25,11297.0,11293.75,11294.75,57007.89655172414,0.7316421340456145,0.05028489869626085,0.6813572353493537,49.73503364316731,0,0,11294.75,11294.75,11294.75,11294.75,0,0,0,0,11294.75,11294.75,11294.75,1,164,11294.75,1,164
164,2022-12-22T21:21:00,11294.75,11295.25,11292.25,11292.25,57078.857142857145,0.40823370199905185,-0.21849882668024145,0.6267325286792933,45.56191341249086,0,0,11292.25,11292.25,11292.25,11292.25,0,0,0,0,11292.25,11292.25,11292.25,1,165,11292.25,1,165
165,2022-12-22T21:22:00,11292.25,11295.5,11291.25,11295.5,57204.4,0.40945805065712193,-0.1738195824177372,0.5832776330748591,51.284515430386996,0,0,11295.5,11295.5,11295.5,11295.5,0,0,0,0,11295.5,11295.5,11295.5,1,166,11295.5,1,166
166,2022-12-22T21:23:00,11295.5,11295.5,11287.25,11289.0,57310.21428571428,-0.11276740894754766,-0.5568360336179254,0.4440686246703778,41.81660499220052,0,0,11289.0,11289.0,11289.0,11289.0,0,0,0,0,11289.0,11289.0,11289.0,1,167,11289.0,1,167
167,2022-12-22T21:24:00,11289.75,11290.0,11285.75,11285.75,57477.1724137931,-0.7798925706447335,-0.9791689562520891,0.19927638560735556,38.035555708398746,0,0,11285.75,11285.75,11285.75,11285.75,0,0,0,0,11285.75,11285.75,11285.75,1,168,11285.75,1,168
168,2022-12-22T21:25:00,11285.75,11291.5,11285.75,11289.0,57671.81481481482,-1.0344220554998174,-0.9869587528857383,-0.04746330261407902,43.53394745600811,0,0,11289.0,11289.0,11289.0,11289.0,0,0,0,0,11289.0,11289.0,11289.0,1,169,11289.0,1,169
169,2022-12-22T21:26:00,11288.75,11289.0,11285.5,11286.5,57806.107142857145,-1.421481656960168,-1.0992146834768712,-0.32226697348329686,40.552980066236316,0,0,11286.5,11286.5,11286.5,11286.5,0,0,0,0,11286.5,11286.5,11286.5,1,170,11286.5,1,170
170,2022-12-22T21:27:00,11286.5,11289.25,11286.5,11289.0,57939.58620689655,-1.5091040608749609,-0.9494696699133311,-0.5596343909616297,44.63564820263384,0,0,11289.0,11289.0,11289.0,11289.0,0,0,0,0,11289.0,11289.0,11289.0,1,171,11289.0,1,171
171,2022-12-22T21:28:00,11289.0,11294.25,11287.25,11294.25,58052.379310344826,-1.141752906551119,-0.4656948124715914,-0.6760580940795275,52.07863352331651,0,0,11294.25,11294.25,11294.25,11294.25,0,0,0,0,11294.25,11294.25,11294.25,1,172,11294.25,1,172
172,2022-12-22T21:29:00,11294.25,11297.0,11294.25,11295.5,58232.75,-0.741215644258773,-0.05212604014339628,-0.6890896041153767,53.675480353467336,0,0,11295.5,11295.5,11295.5,11295.5,0,0,0,0,11295.5,11295.5,11295.5,1,173,11295.5,1,173
173,2022-12-22T21:30:00,11295.5,11297.0,11293.0,11293.0,58390.0,-0.6183876963750663,0.0565615261922483,-0.6749492225673146,50.081111014526215,0,0,11293.0,11293.0,11293.0,11293.0,0,0,0,0,11293.0,11293.0,11293.0,1,174,11293.0,1,174
174,2022-12-22T21:31:00,11292.0,11292.5,11280.25,11280.25,58676.48275862069,-1.5322018375318294,-0.6858020919716117,-0.8463997455602177,36.614581318902125,0,0,11280.25,11280.25,11280.25,11280.25,0,0,0,0,11280.25,11280.25,11280.25,1,175,11280.25,1,175
175,2022-12-22T21:32:00,11280.25,11284.75,11278.0,11284.25,59167.275862068964,-1.9116037790372502,-0.8521632267816259,-1.0594405522556243,41.89345512865457,0,0,11284.25,11284.25,11284.25,11284.25,0,0,0,0,11284.25,11284.25,11284.25,1,176,11284.25,1,176
176,2022-12-22T21:33:00,11284.25,11285.5,11282.5,11283.0,59320.21428571428,-2.286786453672903,-0.9818767211338228,-1.3049097325390802,40.751292336705795,0,0,11283.0,11283.0,11283.0,11283.0,0,0,0,0,11283.0,11283.0,11283.0,1,177,11283.0,1,177
177,2022-12-22T21:34:00,11283.5,11289.25,11283.5,11285.25,59450.192307692305,-2.375185569657333,-0.8562206696946022,-1.5189648999627308,43.725365835083984,0,0,11285.25,11285.25,11285.25,11285.25,0,0,0,0,11285.25,11285.25,11285.25,1,178,11285.25,1,178
178,2022-12-22T21:35:00,11286.5,11286.5,11283.5,11284.0,59539.37037037037,-2.5170915942089778,-0.7985013553969975,-1.7185902388119803,42.45049053654101,0,0,11284.0,11284.0,11284.0,11284.0,0,0,0,0,11284.0,11284.0,11284.0,1,179,11284.0,1,179
179,2022-12-22T21:36:00,11284.25,11288.0,11284.0,11288.0,59732.48148148148,-2.280498404392347,-0.4495265324642932,-1.8309718719280537,47.70496597518235,0,0,11288.0,11288.0,11288.0,11288.0,0,0,0,0,11288.0,11288.0,11288.0,1,180,11288.0,1,180
180,2022-12-22T21:37:00,11288.0,11291.75,11288.0,11290.25,59897.833333333336,-1.889657604344393,-0.046948585933071385,-1.8427090184113215,50.44575624060419,0,0,11290.25,11290.25,11290.25,11290.25,0,0,0,0,11290.25,11290.25,11290.25,1,181,11290.25,1,181
181,2022-12-22T21:38:00,11290.25,11290.25,11287.25,11288.0,60033.08,-1.7413959222049016,0.0810504769651359,-1.8224463991700375,47.75062982413391,0,0,11288.0,11288.0,11288.0,11288.0,0,0,0,0,11288.0,11288.0,11288.0,1,182,11288.0,1,182
182,2022-12-22T21:39:00,11287.75,11289.0,11279.25,11281.25,60241.5,-2.1438530553186865,-0.25712532491891915,-1.8867277303997674,40.72173954861783,0,0,11281.25,11281.25,11281.25,11281.25,0,0,0,0,11281.25,11281.25,11281.25,1,183,11281.25,1,183
183,2022-12-22T21:40:00,11282.25,11282.25,11248.75,11257.25,61469.25,-4.349267013680219,-1.9700314266243613,-2.3792355870558577,26.04295551273271,0,1,11257.25,11257.25,11257.25,11257.25,0,0,0,0,11257.25,11257.25,11257.25,1,184,11257.25,1,184
